debconf: delaying package configuration, since apt-utils is not installed
bazel 8.3.1
Extracting Bazel installation...
Starting local Bazel server (8.3.1) and connecting to it...
WARNING: Option 'local_cpu_resources' is deprecated: --local_cpu_resources is deprecated, please use --local_resources=cpu= instead.
Computing main repo mapping: 
Computing main repo mapping: 
Computing main repo mapping: 
Computing main repo mapping: 
WARNING: Option 'local_cpu_resources' is deprecated: --local_cpu_resources is deprecated, please use --local_resources=cpu= instead.
Loading: 
Loading: 0 packages loaded
Loading: 0 packages loaded
Loading: 0 packages loaded
    currently loading: verifier
Analyzing: target //verifier:verifier_main (1 packages loaded, 0 targets configured)
Analyzing: target //verifier:verifier_main (1 packages loaded, 0 targets configured)

Analyzing: target //verifier:verifier_main (43 packages loaded, 7 targets configured)

Analyzing: target //verifier:verifier_main (61 packages loaded, 7 targets configured)

Analyzing: target //verifier:verifier_main (74 packages loaded, 19 targets configured)

Analyzing: target //verifier:verifier_main (97 packages loaded, 1394 targets configured)

Analyzing: target //verifier:verifier_main (103 packages loaded, 1615 targets configured)

Analyzing: target //verifier:verifier_main (113 packages loaded, 1940 targets configured)

Analyzing: target //verifier:verifier_main (137 packages loaded, 2794 targets configured)

Analyzing: target //verifier:verifier_main (160 packages loaded, 4375 targets configured)

Analyzing: target //verifier:verifier_main (165 packages loaded, 4797 targets configured)

Analyzing: target //verifier:verifier_main (171 packages loaded, 5597 targets configured)

Analyzing: target //verifier:verifier_main (183 packages loaded, 6888 targets configured)

Analyzing: target //verifier:verifier_main (193 packages loaded, 8163 targets configured)

Analyzing: target //verifier:verifier_main (226 packages loaded, 9100 targets configured)

INFO: Analyzed target //verifier:verifier_main (226 packages loaded, 9268 targets configured).
[165 / 1,369] Compiling upb/mem/arena.c [for tool]; 0s processwrapper-sandbox
[282 / 1,369] Compiling src/gflags_reporting.cc; 0s processwrapper-sandbox ... (2 actions running)
[291 / 1,369] Compiling src/gflags.cc; 0s processwrapper-sandbox ... (2 actions running)
[314 / 1,369] Compiling core/dynamic_matrix.cc; 0s processwrapper-sandbox ... (2 actions running)
[318 / 1,369] Compiling src/logging.cc; 0s processwrapper-sandbox ... (2 actions running)
[321 / 1,369] Compiling src/tbb/global_control.cpp; 0s processwrapper-sandbox ... (2 actions, 1 running)
[331 / 1,369] Compiling src/tbb/threading_control.cpp; 0s processwrapper-sandbox ... (2 actions, 1 running)
[336 / 1,369] Compiling src/tbb/thread_dispatcher.cpp; 0s processwrapper-sandbox ... (2 actions, 1 running)
[340 / 1,369] Compiling src/tbb/task.cpp; 0s processwrapper-sandbox ... (2 actions, 1 running)
[346 / 1,369] Compiling src/tbb/private_server.cpp; 0s processwrapper-sandbox ... (2 actions, 1 running)
[349 / 1,369] Compiling src/tbb/main.cpp; 0s processwrapper-sandbox ... (2 actions running)
[354 / 1,369] Compiling src/tbb/address_waiter.cpp; 0s processwrapper-sandbox ... (2 actions, 1 running)
[365 / 1,369] Compiling absl/time/internal/cctz/src/time_zone_info.cc [for tool]; 0s processwrapper-sandbox ... (2 actions, 1 running)
[373 / 1,369] Compiling absl/strings/internal/escaping.cc [for tool]; 0s processwrapper-sandbox ... (2 actions, 1 running)
[379 / 1,369] Compiling absl/debugging/internal/demangle.cc [for tool]; 0s processwrapper-sandbox ... (2 actions, 1 running)
[388 / 1,369] Compiling absl/synchronization/internal/graphcycles.cc [for tool]; 0s processwrapper-sandbox ... (2 actions, 1 running)
[397 / 1,369] Compiling absl/log/internal/structured_proto.cc [for tool]; 0s processwrapper-sandbox ... (2 actions, 1 running)
[418 / 1,369] Compiling absl/log/log_sink.cc [for tool]; 0s processwrapper-sandbox ... (2 actions, 1 running)
[561 / 1,369] Compiling absl/container/internal/hashtablez_sampler.cc [for tool]; 0s processwrapper-sandbox ... (2 actions, 1 running)
[576 / 1,369] Compiling absl/log/globals.cc [for tool]; 0s processwrapper-sandbox ... (2 actions running)
INFO: From Compiling upb/wire/decode.c [for tool]:
In function 'upb_Decoder_DecodeMessageSetItem',
    inlined from '_upb_Decoder_DecodeFieldData' at external/protobuf+/upb/wire/decode.c:1088:16,
    inlined from '_upb_Decoder_DecodeFieldNoFast' at external/protobuf+/upb/wire/decode.c:1115:9,
    inlined from '_upb_Decoder_DecodeField' at external/protobuf+/upb/wire/decode.c:1170:10,
    inlined from '_upb_Decoder_DecodeMessage' at external/protobuf+/upb/wire/decode.c:1181:11:
external/protobuf+/upb/wire/decode.c:742:11: warning: '*(const char **)((char *)&sv + offsetof(upb_StringView, data))' may be used uninitialized [-Wmaybe-uninitialized]
  742 |           upb_Decoder_AddMessageSetItem(d, msg, layout, type_id, sv.data,
      |           ^~~~~~~~~~~~~~~~~~~~~~~~~~~~~~~~~~~~~~~~~~~~~~~~~~~~~~~~~~~~~~~
  743 |                                         sv.size);
      |                                         ~~~~~~~~
external/protobuf+/upb/wire/decode.c: In function '_upb_Decoder_DecodeMessage':
external/protobuf+/upb/wire/decode.c:732:24: note: '*(const char **)((char *)&sv + offsetof(upb_StringView, data))' was declared here
  732 |         upb_StringView sv;
      |                        ^~
In function 'upb_Decoder_DecodeMessageSetItem',
    inlined from '_upb_Decoder_DecodeFieldData' at external/protobuf+/upb/wire/decode.c:1088:16,
    inlined from '_upb_Decoder_DecodeFieldNoFast' at external/protobuf+/upb/wire/decode.c:1115:9,
    inlined from '_upb_Decoder_DecodeField' at external/protobuf+/upb/wire/decode.c:1170:10,
    inlined from '_upb_Decoder_DecodeMessage' at external/protobuf+/upb/wire/decode.c:1181:11:
external/protobuf+/upb/wire/decode.c:742:11: warning: '*(size_t *)((char *)&sv + offsetof(upb_StringView, size))' may be used uninitialized [-Wmaybe-uninitialized]
  742 |           upb_Decoder_AddMessageSetItem(d, msg, layout, type_id, sv.data,
      |           ^~~~~~~~~~~~~~~~~~~~~~~~~~~~~~~~~~~~~~~~~~~~~~~~~~~~~~~~~~~~~~~
  743 |                                         sv.size);
      |                                         ~~~~~~~~
external/protobuf+/upb/wire/decode.c: In function '_upb_Decoder_DecodeMessage':
external/protobuf+/upb/wire/decode.c:732:24: note: '*(size_t *)((char *)&sv + offsetof(upb_StringView, size))' was declared here
  732 |         upb_StringView sv;
      |                        ^~
In file included from /usr/include/string.h:548,
                 from external/protobuf+/upb/mem/internal/arena.h:13,
                 from external/protobuf+/upb/mem/arena.h:28,
                 from external/protobuf+/upb/wire/decode.h:16,
                 from external/protobuf+/upb/wire/decode.c:8:
In function 'memcpy',
    inlined from '_upb_Decoder_DecodeFixedPacked' at external/protobuf+/upb/wire/decode.c:296:5,
    inlined from '_upb_Decoder_DecodeToArray' at external/protobuf+/upb/wire/decode.c:442:14,
    inlined from '_upb_Decoder_DecodeKnownField' at external/protobuf+/upb/wire/decode.c:1006:14,
    inlined from '_upb_Decoder_DecodeFieldData' at external/protobuf+/upb/wire/decode.c:1081:12,
    inlined from '_upb_Decoder_DecodeFieldNoFast' at external/protobuf+/upb/wire/decode.c:1115:9,
    inlined from '_upb_Decoder_DecodeField' at external/protobuf+/upb/wire/decode.c:1170:10,
    inlined from '_upb_Decoder_DecodeMessage' at external/protobuf+/upb/wire/decode.c:1181:11:
/usr/include/aarch64-linux-gnu/bits/string_fortified.h:29:10: warning: '*(const char **)((char *)&sv + offsetof(upb_StringView, data))' may be used uninitialized [-Wmaybe-uninitialized]
   29 |   return __builtin___memcpy_chk (__dest, __src, __len,
      |          ^~~~~~~~~~~~~~~~~~~~~~~~~~~~~~~~~~~~~~~~~~~~~
   30 |                                  __glibc_objsize0 (__dest));
      |                                  ~~~~~~~~~~~~~~~~~~~~~~~~~~
external/protobuf+/upb/wire/decode.c: In function '_upb_Decoder_DecodeMessage':
external/protobuf+/upb/wire/decode.c:281:18: note: '*(const char **)((char *)&sv + offsetof(upb_StringView, data))' was declared here
  281 |   upb_StringView sv;
      |                  ^~
In function 'memcpy',
    inlined from '_upb_Decoder_DecodeFixedPacked' at external/protobuf+/upb/wire/decode.c:296:5,
    inlined from '_upb_Decoder_DecodeToArray' at external/protobuf+/upb/wire/decode.c:442:14,
    inlined from '_upb_Decoder_DecodeKnownField' at external/protobuf+/upb/wire/decode.c:1006:14,
    inlined from '_upb_Decoder_DecodeFieldData' at external/protobuf+/upb/wire/decode.c:1081:12,
    inlined from '_upb_Decoder_DecodeFieldNoFast' at external/protobuf+/upb/wire/decode.c:1115:9,
    inlined from '_upb_Decoder_DecodeField' at external/protobuf+/upb/wire/decode.c:1170:10,
    inlined from '_upb_Decoder_DecodeMessage' at external/protobuf+/upb/wire/decode.c:1181:11:
/usr/include/aarch64-linux-gnu/bits/string_fortified.h:29:10: warning: '*(size_t *)((char *)&sv + offsetof(upb_StringView, size))' may be used uninitialized [-Wmaybe-uninitialized]
   29 |   return __builtin___memcpy_chk (__dest, __src, __len,
      |          ^~~~~~~~~~~~~~~~~~~~~~~~~~~~~~~~~~~~~~~~~~~~~
   30 |                                  __glibc_objsize0 (__dest));
      |                                  ~~~~~~~~~~~~~~~~~~~~~~~~~~
external/protobuf+/upb/wire/decode.c: In function '_upb_Decoder_DecodeMessage':
external/protobuf+/upb/wire/decode.c:281:18: note: '*(size_t *)((char *)&sv + offsetof(upb_StringView, size))' was declared here
  281 |   upb_StringView sv;
      |                  ^~
In function '_upb_Decoder_DecodeUnknownField',
    inlined from '_upb_Decoder_DecodeFieldData' at external/protobuf+/upb/wire/decode.c:1085:16,
    inlined from '_upb_Decoder_DecodeFieldNoFast' at external/protobuf+/upb/wire/decode.c:1115:9,
    inlined from '_upb_Decoder_DecodeField' at external/protobuf+/upb/wire/decode.c:1170:10,
    inlined from '_upb_Decoder_DecodeMessage' at external/protobuf+/upb/wire/decode.c:1181:11:
external/protobuf+/upb/wire/decode.c:1040:8: warning: 'sv.data' may be used uninitialized [-Wmaybe-uninitialized]
 1040 |     if (sv.data != d->input.buffer_start) {
      |        ^
external/protobuf+/upb/wire/decode.c: In function '_upb_Decoder_DecodeMessage':
external/protobuf+/upb/wire/decode.c:1035:18: note: 'sv.data' was declared here
 1035 |   upb_StringView sv;
      |                  ^~
In file included from external/protobuf+/upb/message/internal/message.h:31,
                 from external/protobuf+/upb/message/message.h:22,
                 from external/protobuf+/upb/wire/decode.h:17:
In function '_upb_Message_AddUnknown_dont_copy_me__upb_internal_use_only',
    inlined from '_upb_Decoder_DecodeUnknownField' at external/protobuf+/upb/wire/decode.c:1049:8,
    inlined from '_upb_Decoder_DecodeFieldData' at external/protobuf+/upb/wire/decode.c:1085:16,
    inlined from '_upb_Decoder_DecodeFieldNoFast' at external/protobuf+/upb/wire/decode.c:1115:9,
    inlined from '_upb_Decoder_DecodeField' at external/protobuf+/upb/wire/decode.c:1170:10,
    inlined from '_upb_Decoder_DecodeMessage' at external/protobuf+/upb/wire/decode.c:1181:11:
external/protobuf+/upb/message/internal/message.h:217:22: warning: 'sv.size' may be used uninitialized [-Wmaybe-uninitialized]
  217 |   return UPB_PRIVATE(_upb_Message_AddUnknownSlowPath)(
      |                      ^
external/protobuf+/upb/port/def.inc:406:24: note: in definition of macro 'UPB_PRIVATE'
  406 | #define UPB_PRIVATE(x) x##_dont_copy_me__upb_internal_use_only
      |                        ^
external/protobuf+/upb/wire/decode.c: In function '_upb_Decoder_DecodeMessage':
external/protobuf+/upb/wire/decode.c:1035:18: note: 'sv.size' was declared here
 1035 |   upb_StringView sv;
      |                  ^~
[584 / 1,369] Compiling absl/log/internal/vlog_config.cc [for tool]; 0s processwrapper-sandbox ... (2 actions running)
[593 / 1,369] Compiling upb/reflection/oneof_def.c [for tool]; 0s processwrapper-sandbox ... (2 actions, 1 running)
[603 / 1,369] Compiling absl/synchronization/internal/pthread_waiter.cc [for tool]; 0s processwrapper-sandbox ... (2 actions, 1 running)
[609 / 1,369] Compiling absl/synchronization/internal/waiter_base.cc [for tool]; 0s processwrapper-sandbox ... (2 actions, 1 running)
[619 / 1,369] Compiling upb_generator/common/names.cc [for tool]; 0s processwrapper-sandbox ... (2 actions, 1 running)
[709 / 1,369] Compiling lib/compress/fse_compress.c; 0s processwrapper-sandbox ... (2 actions, 1 running)
[716 / 1,369] Compiling absl/time/format.cc [for tool]; 0s processwrapper-sandbox ... (2 actions, 1 running)
[722 / 1,369] Compiling absl/log/die_if_null.cc [for tool]; 0s processwrapper-sandbox ... (2 actions, 1 running)
[730 / 1,369] Compiling src/google/protobuf/port.cc [for tool]; 0s processwrapper-sandbox ... (2 actions, 1 running)
[735 / 1,369] Compiling lib/compress/zstd_lazy.c; 0s processwrapper-sandbox ... (2 actions running)
[740 / 1,369] Compiling lib/compress/zstd_compress.c; 0s processwrapper-sandbox ... (2 actions running)
[778 / 1,369] Compiling upb_generator/c/names.cc [for tool]; 0s processwrapper-sandbox ... (2 actions running)
[805 / 1,369] Compiling upb_generator/file_layout.cc [for tool]; 0s processwrapper-sandbox ... (2 actions running)
[829 / 1,369] Compiling upb_generator/file_layout.cc [for tool]; 1s processwrapper-sandbox ... (2 actions, 1 running)
[857 / 1,369] Compiling absl/container/internal/raw_hash_set.cc [for tool]; 0s processwrapper-sandbox ... (2 actions, 1 running)
[868 / 1,369] Compiling core/backtracking_proof.cc; 1s processwrapper-sandbox ... (2 actions, 1 running)
[869 / 1,369] Compiling src/google/protobuf/any_lite.cc [for tool]; 1s processwrapper-sandbox ... (2 actions, 1 running)
[872 / 1,369] Compiling src/file_descriptor.cpp; 0s processwrapper-sandbox ... (2 actions, 1 running)
[875 / 1,369] Compiling src/google/protobuf/extension_set.cc [for tool]; 1s processwrapper-sandbox ... (2 actions running)
[876 / 1,369] Compiling src/google/protobuf/extension_set.cc [for tool]; 2s processwrapper-sandbox ... (2 actions running)
[877 / 1,369] Compiling src/google/protobuf/extension_set.cc [for tool]; 3s processwrapper-sandbox ... (2 actions running)
[883 / 1,369] Compiling absl/time/internal/cctz/src/time_zone_fixed.cc; 0s processwrapper-sandbox ... (2 actions, 1 running)
[886 / 1,369] Compiling src/google/protobuf/generated_message_tctable_lite.cc [for tool]; 1s processwrapper-sandbox ... (2 actions, 1 running)
[887 / 1,369] Compiling src/google/protobuf/generated_message_tctable_lite.cc [for tool]; 2s processwrapper-sandbox ... (2 actions running)
[888 / 1,369] Compiling src/google/protobuf/generated_message_tctable_lite.cc [for tool]; 3s processwrapper-sandbox ... (2 actions running)
[892 / 1,369] Compiling src/google/protobuf/generated_message_util.cc [for tool]; 0s processwrapper-sandbox ... (2 actions, 1 running)
[900 / 1,369] Compiling src/google/protobuf/implicit_weak_message.cc [for tool]; 0s processwrapper-sandbox ... (2 actions, 1 running)
[905 / 1,369] Compiling src/google/protobuf/inlined_string_field.cc [for tool]; 0s processwrapper-sandbox ... (2 actions, 1 running)
[911 / 1,369] Compiling src/google/protobuf/map.cc [for tool]; 0s processwrapper-sandbox ... (2 actions, 1 running)
[915 / 1,369] Compiling src/google/protobuf/message_lite.cc [for tool]; 0s processwrapper-sandbox ... (2 actions, 1 running)
[918 / 1,369] Compiling src/google/protobuf/message_lite.cc [for tool]; 1s processwrapper-sandbox ... (2 actions, 1 running)
[925 / 1,369] Compiling src/google/protobuf/parse_context.cc [for tool]; 1s processwrapper-sandbox ... (2 actions, 1 running)
[929 / 1,369] Compiling src/google/protobuf/repeated_field.cc [for tool]; 0s processwrapper-sandbox ... (2 actions running)
[932 / 1,369] Compiling src/google/protobuf/repeated_ptr_field.cc [for tool]; 0s processwrapper-sandbox ... (2 actions running)
[936 / 1,369] Compiling src/google/protobuf/wire_format_lite.cc [for tool]; 0s processwrapper-sandbox ... (2 actions running)
[938 / 1,369] Compiling src/google/protobuf/io/gzip_stream.cc [for tool]; 0s processwrapper-sandbox ... (2 actions running)
[941 / 1,369] Compiling src/google/protobuf/io/printer.cc [for tool]; 1s processwrapper-sandbox ... (2 actions, 1 running)
[943 / 1,369] Compiling src/google/protobuf/io/printer.cc [for tool]; 2s processwrapper-sandbox ... (2 actions, 1 running)
[946 / 1,369] Compiling src/google/protobuf/compiler/csharp/names.cc [for tool]; 0s processwrapper-sandbox ... (2 actions running)
[948 / 1,369] Compiling src/google/protobuf/compiler/csharp/names.cc [for tool]; 1s processwrapper-sandbox ... (2 actions, 1 running)
[951 / 1,369] Compiling src/google/protobuf/compiler/java/java_features.pb.cc [for tool]; 1s processwrapper-sandbox ... (2 actions, 1 running)
[953 / 1,369] Compiling src/google/protobuf/compiler/rust/rust_field_type.cc [for tool]; 0s processwrapper-sandbox ... (2 actions running)
[955 / 1,369] Compiling absl/synchronization/internal/futex_waiter.cc; 0s processwrapper-sandbox ... (2 actions running)
[957 / 1,369] Compiling src/google/protobuf/compiler/importer.cc [for tool]; 1s processwrapper-sandbox ... (2 actions running)
[959 / 1,369] Compiling absl/synchronization/internal/sem_waiter.cc; 0s processwrapper-sandbox ... (2 actions, 1 running)
[961 / 1,369] Compiling src/google/protobuf/compiler/parser.cc [for tool]; 1s processwrapper-sandbox ... (2 actions, 1 running)
[964 / 1,369] Compiling src/google/protobuf/compiler/parser.cc [for tool]; 2s processwrapper-sandbox ... (2 actions, 1 running)
[965 / 1,369] Compiling src/google/protobuf/compiler/parser.cc [for tool]; 3s processwrapper-sandbox ... (2 actions running)
[968 / 1,369] Compiling upb_generator/plugin.cc [for tool]; 1s processwrapper-sandbox ... (2 actions, 1 running)
[970 / 1,369] Compiling absl/time/duration.cc; 0s processwrapper-sandbox ... (2 actions running)
[972 / 1,369] Compiling src/google/protobuf/compiler/code_generator_lite.cc [for tool]; 1s processwrapper-sandbox ... (2 actions running)
[975 / 1,369] Compiling src/google/protobuf/compiler/csharp/csharp_doc_comment.cc [for tool]; 1s processwrapper-sandbox ... (2 actions, 1 running)
[977 / 1,369] Compiling src/google/protobuf/port.cc; 0s processwrapper-sandbox ... (2 actions, 1 running)
[978 / 1,369] Compiling src/google/protobuf/compiler/csharp/csharp_enum.cc [for tool]; 1s processwrapper-sandbox ... (2 actions, 1 running)
[980 / 1,369] Compiling absl/log/internal/log_format.cc; 0s processwrapper-sandbox ... (2 actions, 1 running)
[981 / 1,369] Compiling src/google/protobuf/compiler/csharp/csharp_enum_field.cc [for tool]; 1s processwrapper-sandbox ... (2 actions running)
[983 / 1,369] Compiling src/google/protobuf/micro_string.cc; 0s processwrapper-sandbox ... (2 actions, 1 running)
[984 / 1,369] Compiling src/google/protobuf/compiler/csharp/csharp_field_base.cc [for tool]; 1s processwrapper-sandbox ... (2 actions running)
[985 / 1,369] Compiling src/google/protobuf/compiler/csharp/csharp_field_base.cc [for tool]; 2s processwrapper-sandbox ... (2 actions running)
[987 / 1,369] Compiling src/google/protobuf/compiler/csharp/csharp_generator.cc [for tool]; 0s processwrapper-sandbox ... (2 actions running)
[989 / 1,369] Compiling src/google/protobuf/arenastring.cc; 0s processwrapper-sandbox ... (2 actions, 1 running)
[990 / 1,369] Compiling src/google/protobuf/compiler/csharp/csharp_helpers.cc [for tool]; 1s processwrapper-sandbox ... (2 actions, 1 running)
[992 / 1,369] Compiling src/google/protobuf/extension_set.cc; 1s processwrapper-sandbox ... (2 actions, 1 running)
[992 / 1,369] Compiling src/google/protobuf/extension_set.cc; 2s processwrapper-sandbox ... (2 actions running)
[993 / 1,369] Compiling src/google/protobuf/compiler/csharp/csharp_map_field.cc [for tool]; 2s processwrapper-sandbox ... (2 actions running)
[995 / 1,369] Compiling src/google/protobuf/compiler/csharp/csharp_message.cc [for tool]; 1s processwrapper-sandbox ... (2 actions running)
[996 / 1,369] Compiling src/google/protobuf/compiler/csharp/csharp_message.cc [for tool]; 2s processwrapper-sandbox ... (2 actions, 1 running)
[998 / 1,369] Compiling src/google/protobuf/compiler/csharp/csharp_message_field.cc [for tool]; 1s processwrapper-sandbox ... (2 actions, 1 running)
[999 / 1,369] Compiling src/google/protobuf/implicit_weak_message.cc; 1s processwrapper-sandbox ... (2 actions, 1 running)
[1,000 / 1,369] Compiling src/google/protobuf/compiler/csharp/csharp_primitive_field.cc [for tool]; 1s processwrapper-sandbox ... (2 actions running)
[1,001 / 1,369] Compiling src/google/protobuf/compiler/csharp/csharp_primitive_field.cc [for tool]; 2s processwrapper-sandbox ... (2 actions running)
[1,003 / 1,369] Compiling src/google/protobuf/compiler/csharp/csharp_reflection_class.cc [for tool]; 0s processwrapper-sandbox ... (2 actions, 1 running)
[1,004 / 1,369] Compiling src/google/protobuf/message_lite.cc; 1s processwrapper-sandbox ... (2 actions, 1 running)
[1,005 / 1,369] Compiling src/google/protobuf/compiler/csharp/csharp_repeated_enum_field.cc [for tool]; 1s processwrapper-sandbox ... (2 actions running)
[1,007 / 1,369] Compiling src/google/protobuf/compiler/csharp/csharp_repeated_enum_field.cc [for tool]; 2s processwrapper-sandbox ... (2 actions running)
[1,008 / 1,369] Compiling src/google/protobuf/repeated_field.cc; 1s processwrapper-sandbox ... (2 actions running)
[1,009 / 1,369] Compiling src/google/protobuf/compiler/csharp/csharp_repeated_message_field.cc [for tool]; 1s processwrapper-sandbox ... (2 actions running)
[1,011 / 1,369] Compiling src/google/protobuf/compiler/csharp/csharp_repeated_primitive_field.cc [for tool]; 0s processwrapper-sandbox ... (2 actions running)
[1,012 / 1,369] Compiling src/google/protobuf/compiler/csharp/csharp_repeated_primitive_field.cc [for tool]; 1s processwrapper-sandbox ... (2 actions running)
[1,013 / 1,369] Compiling src/google/protobuf/io/gzip_stream.cc; 1s processwrapper-sandbox ... (2 actions running)
[1,015 / 1,369] Compiling src/google/protobuf/io/printer.cc; 1s processwrapper-sandbox ... (2 actions, 1 running)
[1,016 / 1,369] Compiling src/google/protobuf/compiler/csharp/csharp_wrapper_field.cc [for tool]; 1s processwrapper-sandbox ... (2 actions running)
[1,017 / 1,369] Compiling src/google/protobuf/compiler/csharp/csharp_wrapper_field.cc [for tool]; 2s processwrapper-sandbox ... (2 actions running)
[1,019 / 1,369] Compiling src/google/protobuf/compiler/objectivec/enum.cc [for tool]; 1s processwrapper-sandbox ... (2 actions running)
[1,021 / 1,369] Compiling src/google/protobuf/compiler/objectivec/enum_field.cc [for tool]; 0s processwrapper-sandbox ... (2 actions, 1 running)
[1,021 / 1,369] Compiling src/google/protobuf/compiler/objectivec/enum_field.cc [for tool]; 2s processwrapper-sandbox ... (2 actions running)
[1,023 / 1,369] Compiling src/google/protobuf/compiler/objectivec/extension.cc [for tool]; 0s processwrapper-sandbox ... (2 actions, 1 running)
[1,023 / 1,369] Compiling src/google/protobuf/compiler/objectivec/extension.cc [for tool]; 2s processwrapper-sandbox ... (2 actions running)
[1,025 / 1,369] Compiling src/google/protobuf/compiler/objectivec/field.cc [for tool]; 0s processwrapper-sandbox ... (2 actions running)
[1,026 / 1,369] Compiling src/google/protobuf/util/message_differencer.cc; 3s processwrapper-sandbox ... (2 actions, 1 running)
[1,027 / 1,369] Compiling src/google/protobuf/compiler/objectivec/file.cc [for tool]; 1s processwrapper-sandbox ... (2 actions running)
[1,028 / 1,369] Compiling src/google/protobuf/compiler/objectivec/file.cc [for tool]; 2s processwrapper-sandbox ... (2 actions, 1 running)
[1,028 / 1,369] Compiling src/google/protobuf/compiler/objectivec/file.cc [for tool]; 4s processwrapper-sandbox ... (2 actions running)
[1,030 / 1,369] Compiling src/google/protobuf/any.cc; 0s processwrapper-sandbox ... (2 actions running)
[1,032 / 1,369] Compiling src/google/protobuf/cpp_features.pb.cc; 0s processwrapper-sandbox ... (2 actions, 1 running)
[1,032 / 1,369] Compiling src/google/protobuf/cpp_features.pb.cc; 2s processwrapper-sandbox ... (2 actions running)
[1,033 / 1,369] Compiling src/google/protobuf/compiler/objectivec/helpers.cc [for tool]; 2s processwrapper-sandbox ... (2 actions running)
[1,034 / 1,369] Compiling src/google/protobuf/descriptor.cc; 1s processwrapper-sandbox ... (2 actions running)
[1,035 / 1,369] Compiling src/google/protobuf/descriptor.cc; 3s processwrapper-sandbox ... (2 actions, 1 running)
[1,035 / 1,369] Compiling src/google/protobuf/descriptor.cc; 4s processwrapper-sandbox ... (2 actions running)
[1,036 / 1,369] Compiling src/google/protobuf/descriptor.cc; 5s processwrapper-sandbox ... (2 actions, 1 running)
[1,037 / 1,369] Compiling src/google/protobuf/compiler/objectivec/message.cc [for tool]; 1s processwrapper-sandbox ... (2 actions, 1 running)
[1,037 / 1,369] Compiling src/google/protobuf/compiler/objectivec/message.cc [for tool]; 2s processwrapper-sandbox ... (2 actions running)
[1,038 / 1,369] Compiling src/google/protobuf/descriptor.pb.cc; 2s processwrapper-sandbox ... (2 actions, 1 running)
[1,039 / 1,369] Compiling src/google/protobuf/compiler/objectivec/message_field.cc [for tool]; 1s processwrapper-sandbox ... (2 actions running)
[1,040 / 1,369] Compiling src/google/protobuf/descriptor_database.cc; 2s processwrapper-sandbox ... (2 actions running)
[1,041 / 1,369] Compiling src/google/protobuf/compiler/objectivec/oneof.cc [for tool]; 1s processwrapper-sandbox ... (2 actions running)
[1,042 / 1,369] Compiling src/google/protobuf/dynamic_message.cc; 1s processwrapper-sandbox ... (2 actions, 1 running)
[1,043 / 1,369] Compiling src/google/protobuf/compiler/objectivec/primitive_field.cc [for tool]; 1s processwrapper-sandbox ... (2 actions running)
[1,044 / 1,369] Compiling src/google/protobuf/extension_set_heavy.cc; 1s processwrapper-sandbox ... (2 actions, 1 running)
[1,046 / 1,369] Compiling src/google/protobuf/feature_resolver.cc; 1s processwrapper-sandbox ... (2 actions running)
[1,047 / 1,369] Compiling src/google/protobuf/compiler/objectivec/names.cc [for tool]; 2s processwrapper-sandbox ... (2 actions, 1 running)
[1,049 / 1,369] Compiling src/google/protobuf/generated_message_bases.cc; 1s processwrapper-sandbox ... (2 actions, 1 running)
[1,050 / 1,369] Compiling src/google/protobuf/compiler/php/php_generator.cc [for tool]; 1s processwrapper-sandbox ... (2 actions running)
[1,051 / 1,369] Compiling src/google/protobuf/compiler/php/php_generator.cc [for tool]; 4s processwrapper-sandbox ... (2 actions, 1 running)
[1,052 / 1,369] Compiling src/google/protobuf/generated_message_tctable_full.cc; 1s processwrapper-sandbox ... (2 actions running)
[1,054 / 1,369] Compiling src/google/protobuf/generated_message_tctable_gen.cc; 0s processwrapper-sandbox ... (2 actions running)
[1,055 / 1,369] Compiling src/google/protobuf/compiler/ruby/rbs_generator.cc [for tool]; 2s processwrapper-sandbox ... (2 actions, 1 running)
[1,056 / 1,369] Compiling src/google/protobuf/internal_feature_helper.cc; 1s processwrapper-sandbox ... (2 actions running)
[1,058 / 1,369] Compiling src/google/protobuf/map_field.cc; 0s processwrapper-sandbox ... (2 actions, 1 running)
[1,059 / 1,369] Compiling src/google/protobuf/compiler/rust/crate_mapping.cc [for tool]; 1s processwrapper-sandbox ... (2 actions, 1 running)
[1,060 / 1,369] Compiling src/google/protobuf/message.cc; 1s processwrapper-sandbox ... (2 actions running)
[1,061 / 1,369] Compiling src/google/protobuf/message.cc; 3s processwrapper-sandbox ... (2 actions, 1 running)
[1,063 / 1,369] Compiling upb_generator/minitable/generator.cc [for tool]; 1s processwrapper-sandbox ... (2 actions running)
[1,066 / 1,369] Compiling upb_generator/c/generator.cc [for tool]; 0s processwrapper-sandbox ... (2 actions, 1 running)
[1,066 / 1,369] Compiling upb_generator/c/generator.cc [for tool]; 2s processwrapper-sandbox ... (2 actions running)
[1,067 / 1,369] Compiling upb_generator/c/generator.cc [for tool]; 3s processwrapper-sandbox ... (2 actions running)
[1,068 / 1,369] Compiling src/google/protobuf/text_format.cc; 1s processwrapper-sandbox ... (2 actions running)
[1,069 / 1,369] Compiling src/google/protobuf/text_format.cc; 3s processwrapper-sandbox ... (2 actions, 1 running)
[1,070 / 1,369] Compiling src/google/protobuf/compiler/rust/oneof.cc [for tool]; 1s processwrapper-sandbox ... (2 actions running)
INFO: From Compiling src/google/protobuf/compiler/rust/oneof.cc [for tool]:
In file included from external/protobuf+/src/google/protobuf/compiler/rust/oneof.cc:16:
bazel-out/aarch64-opt-exec-ST-d57f47055a04/bin/external/protobuf+/src/google/protobuf/compiler/cpp/_virtual_includes/names_internal/google/protobuf/compiler/cpp/helpers.h: In function 'bool google::protobuf::compiler::cpp::IsWeak(const google::protobuf::FieldDescriptor*, const Options&)':
bazel-out/aarch64-opt-exec-ST-d57f47055a04/bin/external/protobuf+/src/google/protobuf/compiler/cpp/_virtual_includes/names_internal/google/protobuf/compiler/cpp/helpers.h:359:28: warning: 'bool google::protobuf::FieldOptions::weak() const' is deprecated [-Wdeprecated-declarations]
  359 |   if (field->options().weak()) {
      |       ~~~~~~~~~~~~~~~~~~~~~^~
In file included from bazel-out/aarch64-opt-exec-ST-d57f47055a04/bin/external/protobuf+/src/google/protobuf/compiler/_virtual_includes/code_generator_lite/google/protobuf/compiler/code_generator_lite.h:18,
                 from bazel-out/aarch64-opt-exec-ST-d57f47055a04/bin/external/protobuf+/src/google/protobuf/compiler/_virtual_includes/code_generator/google/protobuf/compiler/code_generator.h:25,
                 from bazel-out/aarch64-opt-exec-ST-d57f47055a04/bin/external/protobuf+/src/google/protobuf/compiler/cpp/_virtual_includes/names_internal/google/protobuf/compiler/cpp/helpers.h:30:
bazel-out/aarch64-opt-exec-ST-d57f47055a04/bin/external/protobuf+/src/google/protobuf/_virtual_includes/protobuf/google/protobuf/descriptor.pb.h:19782:13: note: declared here
19782 | inline bool FieldOptions::weak() const {
      |             ^~~~~~~~~~~~
[1,073 / 1,369] Compiling src/google/protobuf/wire_format.cc; 1s processwrapper-sandbox ... (2 actions running)
[1,075 / 1,369] Compiling src/google/protobuf/io/strtod.cc; 0s processwrapper-sandbox ... (2 actions, 1 running)
[1,076 / 1,369] Compiling src/google/protobuf/compiler/rust/accessors/default_value.cc [for tool]; 1s processwrapper-sandbox ... (2 actions running)
[1,079 / 1,369] Compiling src/google/protobuf/compiler/rust/accessors/map.cc [for tool]; 0s processwrapper-sandbox ... (2 actions, 1 running)
[1,080 / 1,369] Compiling src/google/protobuf/compiler/rust/accessors/map.cc [for tool]; 2s processwrapper-sandbox ... (2 actions, 1 running)
INFO: From Compiling src/google/protobuf/compiler/rust/accessors/map.cc [for tool]:
In file included from external/protobuf+/src/google/protobuf/compiler/rust/accessors/map.cc:11:
bazel-out/aarch64-opt-exec-ST-d57f47055a04/bin/external/protobuf+/src/google/protobuf/compiler/cpp/_virtual_includes/names_internal/google/protobuf/compiler/cpp/helpers.h: In function 'bool google::protobuf::compiler::cpp::IsWeak(const google::protobuf::FieldDescriptor*, const Options&)':
bazel-out/aarch64-opt-exec-ST-d57f47055a04/bin/external/protobuf+/src/google/protobuf/compiler/cpp/_virtual_includes/names_internal/google/protobuf/compiler/cpp/helpers.h:359:28: warning: 'bool google::protobuf::FieldOptions::weak() const' is deprecated [-Wdeprecated-declarations]
  359 |   if (field->options().weak()) {
      |       ~~~~~~~~~~~~~~~~~~~~~^~
In file included from bazel-out/aarch64-opt-exec-ST-d57f47055a04/bin/external/protobuf+/src/google/protobuf/compiler/_virtual_includes/code_generator_lite/google/protobuf/compiler/code_generator_lite.h:18,
                 from bazel-out/aarch64-opt-exec-ST-d57f47055a04/bin/external/protobuf+/src/google/protobuf/compiler/_virtual_includes/code_generator/google/protobuf/compiler/code_generator.h:25,
                 from bazel-out/aarch64-opt-exec-ST-d57f47055a04/bin/external/protobuf+/src/google/protobuf/compiler/cpp/_virtual_includes/names_internal/google/protobuf/compiler/cpp/helpers.h:30:
bazel-out/aarch64-opt-exec-ST-d57f47055a04/bin/external/protobuf+/src/google/protobuf/_virtual_includes/protobuf/google/protobuf/descriptor.pb.h:19782:13: note: declared here
19782 | inline bool FieldOptions::weak() const {
      |             ^~~~~~~~~~~~
[1,082 / 1,369] Compiling src/google/protobuf/compiler/rust/accessors/repeated_field.cc [for tool]; 0s processwrapper-sandbox ... (2 actions, 1 running)
[1,083 / 1,369] Compiling src/google/protobuf/compiler/rust/accessors/repeated_field.cc [for tool]; 1s processwrapper-sandbox ... (2 actions, 1 running)
INFO: From Compiling src/google/protobuf/compiler/rust/accessors/repeated_field.cc [for tool]:
In file included from external/protobuf+/src/google/protobuf/compiler/rust/accessors/repeated_field.cc:12:
bazel-out/aarch64-opt-exec-ST-d57f47055a04/bin/external/protobuf+/src/google/protobuf/compiler/cpp/_virtual_includes/names_internal/google/protobuf/compiler/cpp/helpers.h: In function 'bool google::protobuf::compiler::cpp::IsWeak(const google::protobuf::FieldDescriptor*, const Options&)':
bazel-out/aarch64-opt-exec-ST-d57f47055a04/bin/external/protobuf+/src/google/protobuf/compiler/cpp/_virtual_includes/names_internal/google/protobuf/compiler/cpp/helpers.h:359:28: warning: 'bool google::protobuf::FieldOptions::weak() const' is deprecated [-Wdeprecated-declarations]
  359 |   if (field->options().weak()) {
      |       ~~~~~~~~~~~~~~~~~~~~~^~
In file included from bazel-out/aarch64-opt-exec-ST-d57f47055a04/bin/external/protobuf+/src/google/protobuf/compiler/_virtual_includes/code_generator_lite/google/protobuf/compiler/code_generator_lite.h:18,
                 from bazel-out/aarch64-opt-exec-ST-d57f47055a04/bin/external/protobuf+/src/google/protobuf/compiler/_virtual_includes/code_generator/google/protobuf/compiler/code_generator.h:25,
                 from bazel-out/aarch64-opt-exec-ST-d57f47055a04/bin/external/protobuf+/src/google/protobuf/compiler/cpp/_virtual_includes/names_internal/google/protobuf/compiler/cpp/helpers.h:30:
bazel-out/aarch64-opt-exec-ST-d57f47055a04/bin/external/protobuf+/src/google/protobuf/_virtual_includes/protobuf/google/protobuf/descriptor.pb.h:19782:13: note: declared here
19782 | inline bool FieldOptions::weak() const {
      |             ^~~~~~~~~~~~
[1,085 / 1,369] Compiling src/google/protobuf/arena.cc; 1s processwrapper-sandbox ... (2 actions running)
[1,086 / 1,369] Compiling src/google/protobuf/compiler/rust/accessors/singular_cord.cc [for tool]; 1s processwrapper-sandbox ... (2 actions running)
INFO: From Compiling src/google/protobuf/compiler/rust/accessors/singular_cord.cc [for tool]:
In file included from external/protobuf+/src/google/protobuf/compiler/rust/accessors/singular_cord.cc:12:
bazel-out/aarch64-opt-exec-ST-d57f47055a04/bin/external/protobuf+/src/google/protobuf/compiler/cpp/_virtual_includes/names_internal/google/protobuf/compiler/cpp/helpers.h: In function 'bool google::protobuf::compiler::cpp::IsWeak(const google::protobuf::FieldDescriptor*, const Options&)':
bazel-out/aarch64-opt-exec-ST-d57f47055a04/bin/external/protobuf+/src/google/protobuf/compiler/cpp/_virtual_includes/names_internal/google/protobuf/compiler/cpp/helpers.h:359:28: warning: 'bool google::protobuf::FieldOptions::weak() const' is deprecated [-Wdeprecated-declarations]
  359 |   if (field->options().weak()) {
      |       ~~~~~~~~~~~~~~~~~~~~~^~
In file included from bazel-out/aarch64-opt-exec-ST-d57f47055a04/bin/external/protobuf+/src/google/protobuf/compiler/_virtual_includes/code_generator_lite/google/protobuf/compiler/code_generator_lite.h:18,
                 from bazel-out/aarch64-opt-exec-ST-d57f47055a04/bin/external/protobuf+/src/google/protobuf/compiler/_virtual_includes/code_generator/google/protobuf/compiler/code_generator.h:25,
                 from bazel-out/aarch64-opt-exec-ST-d57f47055a04/bin/external/protobuf+/src/google/protobuf/compiler/cpp/_virtual_includes/names_internal/google/protobuf/compiler/cpp/helpers.h:30:
bazel-out/aarch64-opt-exec-ST-d57f47055a04/bin/external/protobuf+/src/google/protobuf/_virtual_includes/protobuf/google/protobuf/descriptor.pb.h:19782:13: note: declared here
19782 | inline bool FieldOptions::weak() const {
      |             ^~~~~~~~~~~~
[1,088 / 1,369] Compiling src/google/protobuf/stubs/common.cc; 1s processwrapper-sandbox ... (2 actions, 1 running)
[1,090 / 1,369] Compiling src/google/protobuf/compiler/rust/accessors/singular_message.cc [for tool]; 1s processwrapper-sandbox ... (2 actions, 1 running)
[1,091 / 1,369] Compiling src/google/protobuf/compiler/rust/accessors/singular_message.cc [for tool]; 2s processwrapper-sandbox ... (2 actions, 1 running)
INFO: From Compiling src/google/protobuf/compiler/rust/accessors/singular_message.cc [for tool]:
In file included from external/protobuf+/src/google/protobuf/compiler/rust/accessors/singular_message.cc:12:
bazel-out/aarch64-opt-exec-ST-d57f47055a04/bin/external/protobuf+/src/google/protobuf/compiler/cpp/_virtual_includes/names_internal/google/protobuf/compiler/cpp/helpers.h: In function 'bool google::protobuf::compiler::cpp::IsWeak(const google::protobuf::FieldDescriptor*, const Options&)':
bazel-out/aarch64-opt-exec-ST-d57f47055a04/bin/external/protobuf+/src/google/protobuf/compiler/cpp/_virtual_includes/names_internal/google/protobuf/compiler/cpp/helpers.h:359:28: warning: 'bool google::protobuf::FieldOptions::weak() const' is deprecated [-Wdeprecated-declarations]
  359 |   if (field->options().weak()) {
      |       ~~~~~~~~~~~~~~~~~~~~~^~
In file included from bazel-out/aarch64-opt-exec-ST-d57f47055a04/bin/external/protobuf+/src/google/protobuf/compiler/_virtual_includes/code_generator_lite/google/protobuf/compiler/code_generator_lite.h:18,
                 from bazel-out/aarch64-opt-exec-ST-d57f47055a04/bin/external/protobuf+/src/google/protobuf/compiler/_virtual_includes/code_generator/google/protobuf/compiler/code_generator.h:25,
                 from bazel-out/aarch64-opt-exec-ST-d57f47055a04/bin/external/protobuf+/src/google/protobuf/compiler/cpp/_virtual_includes/names_internal/google/protobuf/compiler/cpp/helpers.h:30:
bazel-out/aarch64-opt-exec-ST-d57f47055a04/bin/external/protobuf+/src/google/protobuf/_virtual_includes/protobuf/google/protobuf/descriptor.pb.h:19782:13: note: declared here
19782 | inline bool FieldOptions::weak() const {
      |             ^~~~~~~~~~~~
[1,093 / 1,369] Compiling src/google/protobuf/compiler/rust/accessors/singular_scalar.cc [for tool]; 1s processwrapper-sandbox ... (2 actions, 1 running)
[1,093 / 1,369] Compiling src/google/protobuf/compiler/rust/accessors/singular_scalar.cc [for tool]; 2s processwrapper-sandbox ... (2 actions running)
INFO: From Compiling src/google/protobuf/compiler/rust/accessors/singular_scalar.cc [for tool]:
In file included from external/protobuf+/src/google/protobuf/compiler/rust/accessors/singular_scalar.cc:13:
bazel-out/aarch64-opt-exec-ST-d57f47055a04/bin/external/protobuf+/src/google/protobuf/compiler/cpp/_virtual_includes/names_internal/google/protobuf/compiler/cpp/helpers.h: In function 'bool google::protobuf::compiler::cpp::IsWeak(const google::protobuf::FieldDescriptor*, const Options&)':
bazel-out/aarch64-opt-exec-ST-d57f47055a04/bin/external/protobuf+/src/google/protobuf/compiler/cpp/_virtual_includes/names_internal/google/protobuf/compiler/cpp/helpers.h:359:28: warning: 'bool google::protobuf::FieldOptions::weak() const' is deprecated [-Wdeprecated-declarations]
  359 |   if (field->options().weak()) {
      |       ~~~~~~~~~~~~~~~~~~~~~^~
In file included from bazel-out/aarch64-opt-exec-ST-d57f47055a04/bin/external/protobuf+/src/google/protobuf/compiler/_virtual_includes/code_generator_lite/google/protobuf/compiler/code_generator_lite.h:18,
                 from bazel-out/aarch64-opt-exec-ST-d57f47055a04/bin/external/protobuf+/src/google/protobuf/compiler/_virtual_includes/code_generator/google/protobuf/compiler/code_generator.h:25,
                 from bazel-out/aarch64-opt-exec-ST-d57f47055a04/bin/external/protobuf+/src/google/protobuf/compiler/cpp/_virtual_includes/names_internal/google/protobuf/compiler/cpp/helpers.h:30:
bazel-out/aarch64-opt-exec-ST-d57f47055a04/bin/external/protobuf+/src/google/protobuf/_virtual_includes/protobuf/google/protobuf/descriptor.pb.h:19782:13: note: declared here
19782 | inline bool FieldOptions::weak() const {
      |             ^~~~~~~~~~~~
[1,096 / 1,369] Compiling src/google/protobuf/compiler/rust/accessors/singular_string.cc [for tool]; 0s processwrapper-sandbox ... (2 actions, 1 running)
[1,097 / 1,369] Compiling src/google/protobuf/compiler/rust/accessors/singular_string.cc [for tool]; 2s processwrapper-sandbox ... (2 actions running)
INFO: From Compiling src/google/protobuf/compiler/rust/accessors/singular_string.cc [for tool]:
In file included from external/protobuf+/src/google/protobuf/compiler/rust/accessors/singular_string.cc:13:
bazel-out/aarch64-opt-exec-ST-d57f47055a04/bin/external/protobuf+/src/google/protobuf/compiler/cpp/_virtual_includes/names_internal/google/protobuf/compiler/cpp/helpers.h: In function 'bool google::protobuf::compiler::cpp::IsWeak(const google::protobuf::FieldDescriptor*, const Options&)':
bazel-out/aarch64-opt-exec-ST-d57f47055a04/bin/external/protobuf+/src/google/protobuf/compiler/cpp/_virtual_includes/names_internal/google/protobuf/compiler/cpp/helpers.h:359:28: warning: 'bool google::protobuf::FieldOptions::weak() const' is deprecated [-Wdeprecated-declarations]
  359 |   if (field->options().weak()) {
      |       ~~~~~~~~~~~~~~~~~~~~~^~
In file included from bazel-out/aarch64-opt-exec-ST-d57f47055a04/bin/external/protobuf+/src/google/protobuf/compiler/_virtual_includes/code_generator_lite/google/protobuf/compiler/code_generator_lite.h:18,
                 from bazel-out/aarch64-opt-exec-ST-d57f47055a04/bin/external/protobuf+/src/google/protobuf/compiler/_virtual_includes/code_generator/google/protobuf/compiler/code_generator.h:25,
                 from bazel-out/aarch64-opt-exec-ST-d57f47055a04/bin/external/protobuf+/src/google/protobuf/compiler/cpp/_virtual_includes/names_internal/google/protobuf/compiler/cpp/helpers.h:30:
bazel-out/aarch64-opt-exec-ST-d57f47055a04/bin/external/protobuf+/src/google/protobuf/_virtual_includes/protobuf/google/protobuf/descriptor.pb.h:19782:13: note: declared here
19782 | inline bool FieldOptions::weak() const {
      |             ^~~~~~~~~~~~
[1,099 / 1,369] Compiling src/google/protobuf/compiler/rust/accessors/unsupported_field.cc [for tool]; 0s processwrapper-sandbox ... (2 actions running)
[1,100 / 1,369] Compiling src/google/protobuf/compiler/rust/accessors/unsupported_field.cc [for tool]; 1s processwrapper-sandbox ... (2 actions running)
[1,103 / 1,369] Compiling src/google/protobuf/compiler/rust/accessors/with_presence.cc [for tool]; 0s processwrapper-sandbox ... (2 actions running)
[1,104 / 1,369] Compiling src/google/protobuf/compiler/rust/accessors/with_presence.cc [for tool]; 1s processwrapper-sandbox ... (2 actions running)
INFO: From Compiling src/google/protobuf/compiler/rust/accessors/with_presence.cc [for tool]:
In file included from external/protobuf+/src/google/protobuf/compiler/rust/accessors/with_presence.cc:13:
bazel-out/aarch64-opt-exec-ST-d57f47055a04/bin/external/protobuf+/src/google/protobuf/compiler/cpp/_virtual_includes/names_internal/google/protobuf/compiler/cpp/helpers.h: In function 'bool google::protobuf::compiler::cpp::IsWeak(const google::protobuf::FieldDescriptor*, const Options&)':
bazel-out/aarch64-opt-exec-ST-d57f47055a04/bin/external/protobuf+/src/google/protobuf/compiler/cpp/_virtual_includes/names_internal/google/protobuf/compiler/cpp/helpers.h:359:28: warning: 'bool google::protobuf::FieldOptions::weak() const' is deprecated [-Wdeprecated-declarations]
  359 |   if (field->options().weak()) {
      |       ~~~~~~~~~~~~~~~~~~~~~^~
In file included from bazel-out/aarch64-opt-exec-ST-d57f47055a04/bin/external/protobuf+/src/google/protobuf/compiler/_virtual_includes/code_generator_lite/google/protobuf/compiler/code_generator_lite.h:18,
                 from bazel-out/aarch64-opt-exec-ST-d57f47055a04/bin/external/protobuf+/src/google/protobuf/compiler/_virtual_includes/code_generator/google/protobuf/compiler/code_generator.h:25,
                 from bazel-out/aarch64-opt-exec-ST-d57f47055a04/bin/external/protobuf+/src/google/protobuf/compiler/cpp/_virtual_includes/names_internal/google/protobuf/compiler/cpp/helpers.h:30:
bazel-out/aarch64-opt-exec-ST-d57f47055a04/bin/external/protobuf+/src/google/protobuf/_virtual_includes/protobuf/google/protobuf/descriptor.pb.h:19782:13: note: declared here
19782 | inline bool FieldOptions::weak() const {
      |             ^~~~~~~~~~~~
[1,107 / 1,369] Compiling src/google/protobuf/compiler/rust/upb_helpers.cc [for tool]; 0s processwrapper-sandbox ... (2 actions, 1 running)
[1,109 / 1,369] Compiling src/google/protobuf/compiler/rust/upb_helpers.cc [for tool]; 1s processwrapper-sandbox ... (2 actions, 1 running)
[1,112 / 1,369] Compiling src/google/protobuf/compiler/rust/naming.cc [for tool]; 0s processwrapper-sandbox ... (2 actions, 1 running)
[1,114 / 1,369] Compiling src/google/protobuf/compiler/rust/naming.cc [for tool]; 1s processwrapper-sandbox ... (2 actions, 1 running)
INFO: From Compiling src/google/protobuf/compiler/rust/naming.cc [for tool]:
In file included from external/protobuf+/src/google/protobuf/compiler/rust/naming.cc:26:
bazel-out/aarch64-opt-exec-ST-d57f47055a04/bin/external/protobuf+/src/google/protobuf/compiler/cpp/_virtual_includes/names_internal/google/protobuf/compiler/cpp/helpers.h: In function 'bool google::protobuf::compiler::cpp::IsWeak(const google::protobuf::FieldDescriptor*, const Options&)':
bazel-out/aarch64-opt-exec-ST-d57f47055a04/bin/external/protobuf+/src/google/protobuf/compiler/cpp/_virtual_includes/names_internal/google/protobuf/compiler/cpp/helpers.h:359:28: warning: 'bool google::protobuf::FieldOptions::weak() const' is deprecated [-Wdeprecated-declarations]
  359 |   if (field->options().weak()) {
      |       ~~~~~~~~~~~~~~~~~~~~~^~
In file included from bazel-out/aarch64-opt-exec-ST-d57f47055a04/bin/external/protobuf+/src/google/protobuf/compiler/rust/_virtual_includes/naming/google/protobuf/compiler/rust/naming.h:17,
                 from external/protobuf+/src/google/protobuf/compiler/rust/naming.cc:8:
bazel-out/aarch64-opt-exec-ST-d57f47055a04/bin/external/protobuf+/src/google/protobuf/_virtual_includes/protobuf/google/protobuf/descriptor.pb.h:19782:13: note: declared here
19782 | inline bool FieldOptions::weak() const {
      |             ^~~~~~~~~~~~
[1,117 / 1,369] Compiling src/google/protobuf/compiler/rust/rust_keywords.cc [for tool]; 0s processwrapper-sandbox ... (2 actions running)
[1,122 / 1,369] Compiling src/google/protobuf/compiler/cpp/helpers.cc [for tool]; 0s processwrapper-sandbox ... (2 actions, 1 running)
[1,124 / 1,369] Compiling src/google/protobuf/compiler/cpp/helpers.cc [for tool]; 1s processwrapper-sandbox ... (2 actions, 1 running)
[1,128 / 1,369] Compiling src/google/protobuf/compiler/cpp/helpers.cc [for tool]; 2s processwrapper-sandbox ... (2 actions, 1 running)
[1,131 / 1,369] Compiling src/google/protobuf/compiler/cpp/helpers.cc [for tool]; 4s processwrapper-sandbox ... (2 actions, 1 running)
INFO: From Compiling src/google/protobuf/compiler/cpp/helpers.cc [for tool]:
In file included from external/protobuf+/src/google/protobuf/compiler/cpp/helpers.cc:12:
bazel-out/aarch64-opt-exec-ST-d57f47055a04/bin/external/protobuf+/src/google/protobuf/compiler/cpp/_virtual_includes/names_internal/google/protobuf/compiler/cpp/helpers.h: In function 'bool google::protobuf::compiler::cpp::IsWeak(const google::protobuf::FieldDescriptor*, const Options&)':
bazel-out/aarch64-opt-exec-ST-d57f47055a04/bin/external/protobuf+/src/google/protobuf/compiler/cpp/_virtual_includes/names_internal/google/protobuf/compiler/cpp/helpers.h:359:28: warning: 'bool google::protobuf::FieldOptions::weak() const' is deprecated [-Wdeprecated-declarations]
  359 |   if (field->options().weak()) {
      |       ~~~~~~~~~~~~~~~~~~~~~^~
In file included from bazel-out/aarch64-opt-exec-ST-d57f47055a04/bin/external/protobuf+/src/google/protobuf/compiler/_virtual_includes/code_generator_lite/google/protobuf/compiler/code_generator_lite.h:18,
                 from bazel-out/aarch64-opt-exec-ST-d57f47055a04/bin/external/protobuf+/src/google/protobuf/compiler/_virtual_includes/code_generator/google/protobuf/compiler/code_generator.h:25,
                 from bazel-out/aarch64-opt-exec-ST-d57f47055a04/bin/external/protobuf+/src/google/protobuf/compiler/cpp/_virtual_includes/names_internal/google/protobuf/compiler/cpp/helpers.h:30:
bazel-out/aarch64-opt-exec-ST-d57f47055a04/bin/external/protobuf+/src/google/protobuf/_virtual_includes/protobuf/google/protobuf/descriptor.pb.h:19782:13: note: declared here
19782 | inline bool FieldOptions::weak() const {
      |             ^~~~~~~~~~~~
external/protobuf+/src/google/protobuf/compiler/cpp/helpers.cc: In member function 'google::protobuf::compiler::cpp::MessageAnalysis google::protobuf::compiler::cpp::MessageSCCAnalyzer::GetSCCAnalysis(const google::protobuf::compiler::SCC*)':
external/protobuf+/src/google/protobuf/compiler/cpp/helpers.cc:1736:32: warning: 'bool google::protobuf::FieldOptions::weak() const' is deprecated [-Wdeprecated-declarations]
 1736 |       if (field->options().weak()) {
      |           ~~~~~~~~~~~~~~~~~~~~~^~
bazel-out/aarch64-opt-exec-ST-d57f47055a04/bin/external/protobuf+/src/google/protobuf/_virtual_includes/protobuf/google/protobuf/descriptor.pb.h:19782:13: note: declared here
19782 | inline bool FieldOptions::weak() const {
      |             ^~~~~~~~~~~~
[1,134 / 1,369] Compiling absl/strings/str_split.cc; 0s processwrapper-sandbox ... (2 actions, 1 running)
[1,136 / 1,369] Compiling src/google/protobuf/compiler/java/internal_helpers.cc [for tool]; 1s processwrapper-sandbox ... (2 actions running)
[1,139 / 1,369] Compiling src/google/protobuf/compiler/java/internal_helpers.cc [for tool]; 2s processwrapper-sandbox ... (2 actions, 1 running)
[1,146 / 1,369] Compiling src/google/protobuf/compiler/java/internal_helpers.cc [for tool]; 3s processwrapper-sandbox ... (2 actions, 1 running)
[1,151 / 1,369] Compiling src/google/protobuf/compiler/java/full/enum.cc [for tool]; 1s processwrapper-sandbox ... (2 actions, 1 running)
[1,154 / 1,369] Compiling src/google/protobuf/compiler/java/full/enum.cc [for tool]; 2s processwrapper-sandbox ... (2 actions, 1 running)
[1,158 / 1,369] Compiling src/google/protobuf/compiler/java/full/make_field_gens.cc [for tool]; 0s processwrapper-sandbox ... (2 actions, 1 running)
[1,162 / 1,369] Compiling src/google/protobuf/compiler/java/full/make_field_gens.cc [for tool]; 1s processwrapper-sandbox ... (2 actions running)
[1,165 / 1,369] Compiling src/google/protobuf/compiler/java/full/enum_field.cc [for tool]; 0s processwrapper-sandbox ... (2 actions running)
[1,168 / 1,369] Compiling src/google/protobuf/compiler/java/full/enum_field.cc [for tool]; 1s processwrapper-sandbox ... (2 actions, 1 running)
[1,170 / 1,369] Compiling src/google/protobuf/compiler/java/full/enum_field.cc [for tool]; 2s processwrapper-sandbox ... (2 actions, 1 running)
[1,174 / 1,369] Compiling src/google/protobuf/compiler/java/full/map_field.cc [for tool]; 0s processwrapper-sandbox ... (2 actions, 1 running)
[1,176 / 1,369] Compiling src/google/protobuf/compiler/java/full/map_field.cc [for tool]; 2s processwrapper-sandbox ... (2 actions running)
[1,179 / 1,369] Compiling src/google/protobuf/compiler/java/full/map_field.cc [for tool]; 3s processwrapper-sandbox ... (2 actions, 1 running)
[1,182 / 1,369] Compiling src/google/protobuf/compiler/java/full/message_field.cc [for tool]; 0s processwrapper-sandbox ... (2 actions, 1 running)
[1,184 / 1,369] Compiling src/google/protobuf/compiler/java/full/message_field.cc [for tool]; 1s processwrapper-sandbox ... (2 actions, 1 running)
[1,185 / 1,369] Compiling src/google/protobuf/compiler/java/full/message_field.cc [for tool]; 3s processwrapper-sandbox ... (2 actions, 1 running)
[1,188 / 1,369] Compiling src/google/protobuf/compiler/java/full/primitive_field.cc [for tool]; 1s processwrapper-sandbox ... (2 actions, 1 running)
[1,189 / 1,369] Compiling src/google/protobuf/compiler/java/full/primitive_field.cc [for tool]; 2s processwrapper-sandbox ... (2 actions running)
[1,190 / 1,369] Compiling src/google/protobuf/compiler/java/full/primitive_field.cc [for tool]; 3s processwrapper-sandbox ... (2 actions, 1 running)
[1,192 / 1,369] Compiling src/google/protobuf/compiler/java/full/string_field.cc [for tool]; 1s processwrapper-sandbox ... (2 actions running)
[1,193 / 1,369] Compiling src/google/protobuf/compiler/java/full/string_field.cc [for tool]; 2s processwrapper-sandbox ... (2 actions running)
[1,195 / 1,369] Compiling src/google/protobuf/compiler/java/full/string_field.cc [for tool]; 3s processwrapper-sandbox ... (2 actions running)
[1,199 / 1,369] Compiling src/google/protobuf/compiler/java/message_serialization.cc [for tool]; 1s processwrapper-sandbox ... (2 actions, 1 running)
[1,202 / 1,369] Compiling src/google/protobuf/compiler/java/lite/enum_field.cc [for tool]; 0s processwrapper-sandbox ... (2 actions, 1 running)
[1,203 / 1,369] Compiling src/google/protobuf/compiler/java/lite/enum_field.cc [for tool]; 1s processwrapper-sandbox ... (2 actions running)
[1,204 / 1,369] Compiling src/google/protobuf/compiler/java/lite/enum_field.cc [for tool]; 2s processwrapper-sandbox ... (2 actions running)
[1,206 / 1,369] Compiling src/google/protobuf/compiler/java/lite/extension.cc [for tool]; 0s processwrapper-sandbox ... (2 actions running)
[1,207 / 1,369] Compiling src/google/protobuf/compiler/java/lite/extension.cc [for tool]; 1s processwrapper-sandbox ... (2 actions running)
[1,209 / 1,369] Compiling src/google/protobuf/wire_format.cc [for tool]; 0s processwrapper-sandbox ... (2 actions running)
[1,210 / 1,369] Compiling src/google/protobuf/wire_format.cc [for tool]; 2s processwrapper-sandbox ... (2 actions, 1 running)
[1,211 / 1,369] Compiling src/google/protobuf/compiler/java/lite/map_field.cc [for tool]; 1s processwrapper-sandbox ... (2 actions running)
[1,212 / 1,369] Compiling src/google/protobuf/compiler/java/lite/map_field.cc [for tool]; 2s processwrapper-sandbox ... (2 actions, 1 running)
[1,213 / 1,369] Compiling src/google/protobuf/text_format.cc [for tool]; 1s processwrapper-sandbox ... (2 actions running)
[1,214 / 1,369] Compiling src/google/protobuf/text_format.cc [for tool]; 3s processwrapper-sandbox ... (2 actions, 1 running)
INFO: From Compiling src/google/protobuf/text_format.cc [for tool]:
external/protobuf+/src/google/protobuf/text_format.cc: In member function 'google::protobuf::TextFormat::ParseLocation google::protobuf::TextFormat::ParseInfoTree::GetLocation(const google::protobuf::FieldDescriptor*, int) const':
external/protobuf+/src/google/protobuf/text_format.cc:260:26: warning: 'google::protobuf::TextFormat::ParseLocationRange google::protobuf::TextFormat::ParseInfoTree::GetLocationRange(const google::protobuf::FieldDescriptor*, int) const' is deprecated: Please use GetFieldLocation() [-Wdeprecated-declarations]
  260 |   return GetLocationRange(field, index).start;
      |          ~~~~~~~~~~~~~~~~^~~~~~~~~~~~~~
external/protobuf+/src/google/protobuf/text_format.cc:242:32: note: declared here
  242 | TextFormat::ParseLocationRange TextFormat::ParseInfoTree::GetLocationRange(
      |                                ^~~~~~~~~~
external/protobuf+/src/google/protobuf/text_format.cc: In member function 'bool google::protobuf::TextFormat::Parser::ParserImpl::ConsumeField(google::protobuf::Message*)':
external/protobuf+/src/google/protobuf/text_format.cc:795:54: warning: 'bool google::protobuf::FieldOptions::weak() const' is deprecated [-Wdeprecated-declarations]
  795 |       if (consumed_semicolon && field->options().weak() &&
      |                                 ~~~~~~~~~~~~~~~~~~~~~^~
In file included from external/protobuf+/src/google/protobuf/text_format.cc:50:
bazel-out/aarch64-opt-exec-ST-d57f47055a04/bin/external/protobuf+/src/google/protobuf/_virtual_includes/protobuf/google/protobuf/descriptor.pb.h:19782:13: note: declared here
19782 | inline bool FieldOptions::weak() const {
      |             ^~~~~~~~~~~~
[1,215 / 1,369] Compiling src/google/protobuf/compiler/java/lite/primitive_field.cc [for tool]; 1s processwrapper-sandbox ... (2 actions running)
[1,216 / 1,369] Compiling src/google/protobuf/compiler/java/lite/primitive_field.cc [for tool]; 2s processwrapper-sandbox ... (2 actions running)
[1,218 / 1,369] Compiling src/google/protobuf/reflection_ops.cc [for tool]; 0s processwrapper-sandbox ... (2 actions running)
[1,219 / 1,369] Compiling src/google/protobuf/compiler/java/lite/string_field.cc [for tool]; 1s processwrapper-sandbox ... (2 actions, 1 running)
[1,221 / 1,369] Compiling src/google/protobuf/message.cc [for tool]; 1s processwrapper-sandbox ... (2 actions, 1 running)
[1,221 / 1,369] Compiling src/google/protobuf/message.cc [for tool]; 2s processwrapper-sandbox ... (2 actions running)
INFO: From Compiling src/google/protobuf/message.cc [for tool]:
In file included from external/abseil-cpp+/absl/log/internal/check_impl.h:20,
                 from external/abseil-cpp+/absl/log/absl_check.h:38,
                 from bazel-out/aarch64-opt-exec-ST-d57f47055a04/bin/external/protobuf+/src/google/protobuf/_virtual_includes/protobuf/google/protobuf/message.h:107,
                 from external/protobuf+/src/google/protobuf/message.cc:12:
bazel-out/aarch64-opt-exec-ST-d57f47055a04/bin/external/protobuf+/src/google/protobuf/_virtual_includes/protobuf/google/protobuf/reflection_visit_fields.h: In instantiation of 'static void google::protobuf::internal::ReflectionVisit::VisitFields(MessageT&, CallbackFn&&, google::protobuf::internal::FieldMask) [with MessageT = const google::protobuf::Message; CallbackFn = google::protobuf::internal::ReflectionVisit::VisitMessageFields<google::protobuf::Message::AbslUnparseFlagImpl() const::<lambda(const auto:60&)> >(const google::protobuf::Message&, google::protobuf::Message::AbslUnparseFlagImpl() const::<lambda(const auto:60&)>&&)::<lambda(auto:54)>]':
bazel-out/aarch64-opt-exec-ST-d57f47055a04/bin/external/protobuf+/src/google/protobuf/_virtual_includes/protobuf/google/protobuf/reflection_visit_fields.h:417:31:   required from 'static void google::protobuf::internal::ReflectionVisit::VisitMessageFields(const google::protobuf::Message&, CallbackFn&&) [with CallbackFn = google::protobuf::Message::AbslUnparseFlagImpl() const::<lambda(const auto:60&)>]'
bazel-out/aarch64-opt-exec-ST-d57f47055a04/bin/external/protobuf+/src/google/protobuf/_virtual_includes/protobuf/google/protobuf/reflection_visit_fields.h:494:38:   required from 'void google::protobuf::internal::VisitMessageFields(const google::protobuf::Message&, CallbackFn&&) [with CallbackFn = google::protobuf::Message::AbslUnparseFlagImpl() const::<lambda(const auto:60&)>]'
external/protobuf+/src/google/protobuf/message.cc:314:31:   required from here
bazel-out/aarch64-opt-exec-ST-d57f47055a04/bin/external/protobuf+/src/google/protobuf/_virtual_includes/protobuf/google/protobuf/reflection_visit_fields.h:109:39: warning: 'bool google::protobuf::FieldOptions::weak() const' is deprecated [-Wdeprecated-declarations]
  109 |     ABSL_DCHECK(!field->options().weak()) << "weak fields are not supported";
      |                  ~~~~~~~~~~~~~~~~~~~~~^~
external/abseil-cpp+/absl/log/internal/conditions.h:68:7: note: in definition of macro 'ABSL_LOG_INTERNAL_STATELESS_CONDITION'
   68 |     !(condition) ? (void)0 : ::absl::log_internal::Voidify() &&
      |       ^~~~~~~~~
external/abseil-cpp+/absl/log/internal/check_impl.h:26:3: note: in expansion of macro 'ABSL_LOG_INTERNAL_CONDITION_FATAL'
   26 |   ABSL_LOG_INTERNAL_CONDITION_FATAL(STATELESS,                        \
      |   ^~~~~~~~~~~~~~~~~~~~~~~~~~~~~~~~~
external/abseil-cpp+/absl/log/internal/check_impl.h:27:37: note: in expansion of macro 'ABSL_PREDICT_FALSE'
   27 |                                     ABSL_PREDICT_FALSE(!(condition))) \
      |                                     ^~~~~~~~~~~~~~~~~~
external/abseil-cpp+/absl/log/internal/check_impl.h:43:3: note: in expansion of macro 'ABSL_LOG_INTERNAL_CHECK_IMPL'
   43 |   ABSL_LOG_INTERNAL_CHECK_IMPL(true || (condition), "true")
      |   ^~~~~~~~~~~~~~~~~~~~~~~~~~~~
external/abseil-cpp+/absl/log/absl_check.h:47:3: note: in expansion of macro 'ABSL_LOG_INTERNAL_DCHECK_IMPL'
   47 |   ABSL_LOG_INTERNAL_DCHECK_IMPL((condition), #condition)
      |   ^~~~~~~~~~~~~~~~~~~~~~~~~~~~~
bazel-out/aarch64-opt-exec-ST-d57f47055a04/bin/external/protobuf+/src/google/protobuf/_virtual_includes/protobuf/google/protobuf/reflection_visit_fields.h:109:5: note: in expansion of macro 'ABSL_DCHECK'
  109 |     ABSL_DCHECK(!field->options().weak()) << "weak fields are not supported";
      |     ^~~~~~~~~~~
In file included from external/protobuf+/src/google/protobuf/message.cc:44:
bazel-out/aarch64-opt-exec-ST-d57f47055a04/bin/external/protobuf+/src/google/protobuf/_virtual_includes/protobuf/google/protobuf/descriptor.pb.h:19782:13: note: declared here
19782 | inline bool FieldOptions::weak() const {
      |             ^~~~~~~~~~~~
bazel-out/aarch64-opt-exec-ST-d57f47055a04/bin/external/protobuf+/src/google/protobuf/_virtual_includes/protobuf/google/protobuf/reflection_visit_fields.h:109:39: warning: 'bool google::protobuf::FieldOptions::weak() const' is deprecated [-Wdeprecated-declarations]
  109 |     ABSL_DCHECK(!field->options().weak()) << "weak fields are not supported";
      |                  ~~~~~~~~~~~~~~~~~~~~~^~
external/abseil-cpp+/absl/log/internal/conditions.h:68:7: note: in definition of macro 'ABSL_LOG_INTERNAL_STATELESS_CONDITION'
   68 |     !(condition) ? (void)0 : ::absl::log_internal::Voidify() &&
      |       ^~~~~~~~~
external/abseil-cpp+/absl/log/internal/check_impl.h:26:3: note: in expansion of macro 'ABSL_LOG_INTERNAL_CONDITION_FATAL'
   26 |   ABSL_LOG_INTERNAL_CONDITION_FATAL(STATELESS,                        \
      |   ^~~~~~~~~~~~~~~~~~~~~~~~~~~~~~~~~
external/abseil-cpp+/absl/log/internal/check_impl.h:27:37: note: in expansion of macro 'ABSL_PREDICT_FALSE'
   27 |                                     ABSL_PREDICT_FALSE(!(condition))) \
      |                                     ^~~~~~~~~~~~~~~~~~
external/abseil-cpp+/absl/log/internal/check_impl.h:43:3: note: in expansion of macro 'ABSL_LOG_INTERNAL_CHECK_IMPL'
   43 |   ABSL_LOG_INTERNAL_CHECK_IMPL(true || (condition), "true")
      |   ^~~~~~~~~~~~~~~~~~~~~~~~~~~~
external/abseil-cpp+/absl/log/absl_check.h:47:3: note: in expansion of macro 'ABSL_LOG_INTERNAL_DCHECK_IMPL'
   47 |   ABSL_LOG_INTERNAL_DCHECK_IMPL((condition), #condition)
      |   ^~~~~~~~~~~~~~~~~~~~~~~~~~~~~
bazel-out/aarch64-opt-exec-ST-d57f47055a04/bin/external/protobuf+/src/google/protobuf/_virtual_includes/protobuf/google/protobuf/reflection_visit_fields.h:109:5: note: in expansion of macro 'ABSL_DCHECK'
  109 |     ABSL_DCHECK(!field->options().weak()) << "weak fields are not supported";
      |     ^~~~~~~~~~~
bazel-out/aarch64-opt-exec-ST-d57f47055a04/bin/external/protobuf+/src/google/protobuf/_virtual_includes/protobuf/google/protobuf/descriptor.pb.h:19782:13: note: declared here
19782 | inline bool FieldOptions::weak() const {
      |             ^~~~~~~~~~~~
[1,222 / 1,369] Compiling src/google/protobuf/compiler/java/full/extension.cc [for tool]; 2s processwrapper-sandbox ... (2 actions running)
[1,223 / 1,369] Compiling src/google/protobuf/map_field.cc [for tool]; 1s processwrapper-sandbox ... (2 actions running)
[1,224 / 1,369] Compiling src/google/protobuf/compiler/java/full/generator_factory.cc [for tool]; 1s processwrapper-sandbox ... (2 actions, 1 running)
[1,225 / 1,369] Compiling src/google/protobuf/internal_feature_helper.cc [for tool]; 1s processwrapper-sandbox ... (2 actions running)
[1,226 / 1,369] Compiling src/google/protobuf/compiler/java/full/message.cc [for tool]; 2s processwrapper-sandbox ... (2 actions running)
INFO: From Compiling src/google/protobuf/generated_message_tctable_gen.cc [for tool]:
external/protobuf+/src/google/protobuf/generated_message_tctable_gen.cc: In function 'bool google::protobuf::internal::{anonymous}::HasWeakFields(const google::protobuf::Descriptor*)':
external/protobuf+/src/google/protobuf/generated_message_tctable_gen.cc:668:45: warning: 'bool google::protobuf::FieldOptions::weak() const' is deprecated [-Wdeprecated-declarations]
  668 |     if (descriptor->field(i)->options().weak()) {
      |         ~~~~~~~~~~~~~~~~~~~~~~~~~~~~~~~~~~~~^~
In file included from bazel-out/aarch64-opt-exec-ST-d57f47055a04/bin/external/protobuf+/src/google/protobuf/_virtual_includes/protobuf/google/protobuf/generated_message_tctable_gen.h:21,
                 from external/protobuf+/src/google/protobuf/generated_message_tctable_gen.cc:8:
bazel-out/aarch64-opt-exec-ST-d57f47055a04/bin/external/protobuf+/src/google/protobuf/_virtual_includes/protobuf/google/protobuf/descriptor.pb.h:19782:13: note: declared here
19782 | inline bool FieldOptions::weak() const {
      |             ^~~~~~~~~~~~
external/protobuf+/src/google/protobuf/generated_message_tctable_gen.cc: In function 'bool google::protobuf::internal::IsFieldTypeEligibleForFastParsing(const google::protobuf::FieldDescriptor*)':
external/protobuf+/src/google/protobuf/generated_message_tctable_gen.cc:707:28: warning: 'bool google::protobuf::FieldOptions::weak() const' is deprecated [-Wdeprecated-declarations]
  707 |       field->options().weak()) {
      |       ~~~~~~~~~~~~~~~~~~~~~^~
bazel-out/aarch64-opt-exec-ST-d57f47055a04/bin/external/protobuf+/src/google/protobuf/_virtual_includes/protobuf/google/protobuf/descriptor.pb.h:19782:13: note: declared here
19782 | inline bool FieldOptions::weak() const {
      |             ^~~~~~~~~~~~
external/protobuf+/src/google/protobuf/generated_message_tctable_gen.cc: In lambda function:
external/protobuf+/src/google/protobuf/generated_message_tctable_gen.cc:742:54: warning: 'bool google::protobuf::FieldOptions::weak() const' is deprecated [-Wdeprecated-declarations]
  742 |            !field->is_map() && !field->options().weak() &&
      |                                 ~~~~~~~~~~~~~~~~~~~~~^~
bazel-out/aarch64-opt-exec-ST-d57f47055a04/bin/external/protobuf+/src/google/protobuf/_virtual_includes/protobuf/google/protobuf/descriptor.pb.h:19782:13: note: declared here
19782 | inline bool FieldOptions::weak() const {
      |             ^~~~~~~~~~~~
external/protobuf+/src/google/protobuf/generated_message_tctable_gen.cc: In static member function 'static std::vector<google::protobuf::internal::TailCallTableInfo::FieldEntryInfo> google::protobuf::internal::TailCallTableInfo::BuildFieldEntries(const google::protobuf::Descriptor*, const MessageOptions&, absl::lts_20250814::Span<const FieldOptions>, std::vector<AuxEntry>&)':
external/protobuf+/src/google/protobuf/generated_message_tctable_gen.cc:782:39: warning: 'bool google::protobuf::FieldOptions::weak() const' is deprecated [-Wdeprecated-declarations]
  782 |       } else if (field->options().weak()) {
      |                  ~~~~~~~~~~~~~~~~~~~~~^~
bazel-out/aarch64-opt-exec-ST-d57f47055a04/bin/external/protobuf+/src/google/protobuf/_virtual_includes/protobuf/google/protobuf/descriptor.pb.h:19782:13: note: declared here
19782 | inline bool FieldOptions::weak() const {
      |             ^~~~~~~~~~~~
[1,227 / 1,369] Compiling src/google/protobuf/compiler/java/full/message.cc [for tool]; 3s processwrapper-sandbox ... (2 actions, 1 running)
[1,229 / 1,369] Compiling src/google/protobuf/compiler/java/full/message_builder.cc [for tool]; 1s processwrapper-sandbox ... (2 actions, 1 running)
[1,229 / 1,369] Compiling src/google/protobuf/compiler/java/full/message_builder.cc [for tool]; 2s processwrapper-sandbox ... (2 actions running)
[1,230 / 1,369] Compiling src/google/protobuf/generated_message_reflection.cc [for tool]; 2s processwrapper-sandbox ... (2 actions, 1 running)
[1,230 / 1,369] Compiling src/google/protobuf/generated_message_reflection.cc [for tool]; 4s processwrapper-sandbox ... (2 actions running)
[1,231 / 1,369] Compiling src/google/protobuf/generated_message_reflection.cc [for tool]; 5s processwrapper-sandbox ... (2 actions running)
INFO: From Compiling src/google/protobuf/generated_message_reflection.cc [for tool]:
external/protobuf+/src/google/protobuf/generated_message_reflection.cc: In member function 'const google::protobuf::Message* google::protobuf::Reflection::GetDefaultMessageInstance(const google::protobuf::FieldDescriptor*) const':
external/protobuf+/src/google/protobuf/generated_message_reflection.cc:2518:29: warning: 'bool google::protobuf::FieldOptions::weak() const' is deprecated [-Wdeprecated-declarations]
 2518 |       !field->options().weak() && !IsLazyField(field) &&
      |        ~~~~~~~~~~~~~~~~~~~~~^~
In file included from bazel-out/aarch64-opt-exec-ST-d57f47055a04/bin/external/protobuf+/src/google/protobuf/_virtual_includes/protobuf/google/protobuf/cpp_features.pb.h:34,
                 from external/protobuf+/src/google/protobuf/generated_message_reflection.cc:44:
bazel-out/aarch64-opt-exec-ST-d57f47055a04/bin/external/protobuf+/src/google/protobuf/_virtual_includes/protobuf/google/protobuf/descriptor.pb.h:19782:13: note: declared here
19782 | inline bool FieldOptions::weak() const {
      |             ^~~~~~~~~~~~
In file included from external/abseil-cpp+/absl/log/internal/check_impl.h:20,
                 from external/abseil-cpp+/absl/log/absl_check.h:38,
                 from bazel-out/aarch64-opt-exec-ST-d57f47055a04/bin/external/protobuf+/src/google/protobuf/_virtual_includes/protobuf/google/protobuf/generated_message_reflection.h:25,
                 from external/protobuf+/src/google/protobuf/generated_message_reflection.cc:12:
external/protobuf+/src/google/protobuf/generated_message_reflection.cc: In member function 'bool google::protobuf::Reflection::HasFieldWithHasbits(const google::protobuf::Message&, const google::protobuf::FieldDescriptor*) const':
external/protobuf+/src/google/protobuf/generated_message_reflection.cc:3228:37: warning: 'bool google::protobuf::FieldOptions::weak() const' is deprecated [-Wdeprecated-declarations]
 3228 |   ABSL_DCHECK(!field->options().weak());
      |                ~~~~~~~~~~~~~~~~~~~~~^~
external/abseil-cpp+/absl/log/internal/conditions.h:68:7: note: in definition of macro 'ABSL_LOG_INTERNAL_STATELESS_CONDITION'
   68 |     !(condition) ? (void)0 : ::absl::log_internal::Voidify() &&
      |       ^~~~~~~~~
external/abseil-cpp+/absl/log/internal/check_impl.h:26:3: note: in expansion of macro 'ABSL_LOG_INTERNAL_CONDITION_FATAL'
   26 |   ABSL_LOG_INTERNAL_CONDITION_FATAL(STATELESS,                        \
      |   ^~~~~~~~~~~~~~~~~~~~~~~~~~~~~~~~~
external/abseil-cpp+/absl/log/internal/check_impl.h:27:37: note: in expansion of macro 'ABSL_PREDICT_FALSE'
   27 |                                     ABSL_PREDICT_FALSE(!(condition))) \
      |                                     ^~~~~~~~~~~~~~~~~~
external/abseil-cpp+/absl/log/internal/check_impl.h:43:3: note: in expansion of macro 'ABSL_LOG_INTERNAL_CHECK_IMPL'
   43 |   ABSL_LOG_INTERNAL_CHECK_IMPL(true || (condition), "true")
      |   ^~~~~~~~~~~~~~~~~~~~~~~~~~~~
external/abseil-cpp+/absl/log/absl_check.h:47:3: note: in expansion of macro 'ABSL_LOG_INTERNAL_DCHECK_IMPL'
   47 |   ABSL_LOG_INTERNAL_DCHECK_IMPL((condition), #condition)
      |   ^~~~~~~~~~~~~~~~~~~~~~~~~~~~~
external/protobuf+/src/google/protobuf/generated_message_reflection.cc:3228:3: note: in expansion of macro 'ABSL_DCHECK'
 3228 |   ABSL_DCHECK(!field->options().weak());
      |   ^~~~~~~~~~~
bazel-out/aarch64-opt-exec-ST-d57f47055a04/bin/external/protobuf+/src/google/protobuf/_virtual_includes/protobuf/google/protobuf/descriptor.pb.h:19782:13: note: declared here
19782 | inline bool FieldOptions::weak() const {
      |             ^~~~~~~~~~~~
external/protobuf+/src/google/protobuf/generated_message_reflection.cc: In member function 'void google::protobuf::Reflection::SetHasBit(google::protobuf::Message*, const google::protobuf::FieldDescriptor*) const':
external/protobuf+/src/google/protobuf/generated_message_reflection.cc:3261:37: warning: 'bool google::protobuf::FieldOptions::weak() const' is deprecated [-Wdeprecated-declarations]
 3261 |   ABSL_DCHECK(!field->options().weak());
      |                ~~~~~~~~~~~~~~~~~~~~~^~
external/abseil-cpp+/absl/log/internal/conditions.h:68:7: note: in definition of macro 'ABSL_LOG_INTERNAL_STATELESS_CONDITION'
   68 |     !(condition) ? (void)0 : ::absl::log_internal::Voidify() &&
      |       ^~~~~~~~~
external/abseil-cpp+/absl/log/internal/check_impl.h:26:3: note: in expansion of macro 'ABSL_LOG_INTERNAL_CONDITION_FATAL'
   26 |   ABSL_LOG_INTERNAL_CONDITION_FATAL(STATELESS,                        \
      |   ^~~~~~~~~~~~~~~~~~~~~~~~~~~~~~~~~
external/abseil-cpp+/absl/log/internal/check_impl.h:27:37: note: in expansion of macro 'ABSL_PREDICT_FALSE'
   27 |                                     ABSL_PREDICT_FALSE(!(condition))) \
      |                                     ^~~~~~~~~~~~~~~~~~
external/abseil-cpp+/absl/log/internal/check_impl.h:43:3: note: in expansion of macro 'ABSL_LOG_INTERNAL_CHECK_IMPL'
   43 |   ABSL_LOG_INTERNAL_CHECK_IMPL(true || (condition), "true")
      |   ^~~~~~~~~~~~~~~~~~~~~~~~~~~~
external/abseil-cpp+/absl/log/absl_check.h:47:3: note: in expansion of macro 'ABSL_LOG_INTERNAL_DCHECK_IMPL'
   47 |   ABSL_LOG_INTERNAL_DCHECK_IMPL((condition), #condition)
      |   ^~~~~~~~~~~~~~~~~~~~~~~~~~~~~
external/protobuf+/src/google/protobuf/generated_message_reflection.cc:3261:3: note: in expansion of macro 'ABSL_DCHECK'
 3261 |   ABSL_DCHECK(!field->options().weak());
      |   ^~~~~~~~~~~
bazel-out/aarch64-opt-exec-ST-d57f47055a04/bin/external/protobuf+/src/google/protobuf/_virtual_includes/protobuf/google/protobuf/descriptor.pb.h:19782:13: note: declared here
19782 | inline bool FieldOptions::weak() const {
      |             ^~~~~~~~~~~~
external/protobuf+/src/google/protobuf/generated_message_reflection.cc: In member function 'void google::protobuf::Reflection::ClearHasBit(google::protobuf::Message*, const google::protobuf::FieldDescriptor*) const':
external/protobuf+/src/google/protobuf/generated_message_reflection.cc:3270:37: warning: 'bool google::protobuf::FieldOptions::weak() const' is deprecated [-Wdeprecated-declarations]
 3270 |   ABSL_DCHECK(!field->options().weak());
      |                ~~~~~~~~~~~~~~~~~~~~~^~
external/abseil-cpp+/absl/log/internal/conditions.h:68:7: note: in definition of macro 'ABSL_LOG_INTERNAL_STATELESS_CONDITION'
   68 |     !(condition) ? (void)0 : ::absl::log_internal::Voidify() &&
      |       ^~~~~~~~~
external/abseil-cpp+/absl/log/internal/check_impl.h:26:3: note: in expansion of macro 'ABSL_LOG_INTERNAL_CONDITION_FATAL'
   26 |   ABSL_LOG_INTERNAL_CONDITION_FATAL(STATELESS,                        \
      |   ^~~~~~~~~~~~~~~~~~~~~~~~~~~~~~~~~
external/abseil-cpp+/absl/log/internal/check_impl.h:27:37: note: in expansion of macro 'ABSL_PREDICT_FALSE'
   27 |                                     ABSL_PREDICT_FALSE(!(condition))) \
      |                                     ^~~~~~~~~~~~~~~~~~
external/abseil-cpp+/absl/log/internal/check_impl.h:43:3: note: in expansion of macro 'ABSL_LOG_INTERNAL_CHECK_IMPL'
   43 |   ABSL_LOG_INTERNAL_CHECK_IMPL(true || (condition), "true")
      |   ^~~~~~~~~~~~~~~~~~~~~~~~~~~~
external/abseil-cpp+/absl/log/absl_check.h:47:3: note: in expansion of macro 'ABSL_LOG_INTERNAL_DCHECK_IMPL'
   47 |   ABSL_LOG_INTERNAL_DCHECK_IMPL((condition), #condition)
      |   ^~~~~~~~~~~~~~~~~~~~~~~~~~~~~
external/protobuf+/src/google/protobuf/generated_message_reflection.cc:3270:3: note: in expansion of macro 'ABSL_DCHECK'
 3270 |   ABSL_DCHECK(!field->options().weak());
      |   ^~~~~~~~~~~
bazel-out/aarch64-opt-exec-ST-d57f47055a04/bin/external/protobuf+/src/google/protobuf/_virtual_includes/protobuf/google/protobuf/descriptor.pb.h:19782:13: note: declared here
19782 | inline bool FieldOptions::weak() const {
      |             ^~~~~~~~~~~~
external/protobuf+/src/google/protobuf/generated_message_reflection.cc: In member function 'void google::protobuf::Reflection::NaiveSwapHasBit(google::protobuf::Message*, google::protobuf::Message*, const google::protobuf::FieldDescriptor*) const':
external/protobuf+/src/google/protobuf/generated_message_reflection.cc:3279:37: warning: 'bool google::protobuf::FieldOptions::weak() const' is deprecated [-Wdeprecated-declarations]
 3279 |   ABSL_DCHECK(!field->options().weak());
      |                ~~~~~~~~~~~~~~~~~~~~~^~
external/abseil-cpp+/absl/log/internal/conditions.h:68:7: note: in definition of macro 'ABSL_LOG_INTERNAL_STATELESS_CONDITION'
   68 |     !(condition) ? (void)0 : ::absl::log_internal::Voidify() &&
      |       ^~~~~~~~~
external/abseil-cpp+/absl/log/internal/check_impl.h:26:3: note: in expansion of macro 'ABSL_LOG_INTERNAL_CONDITION_FATAL'
   26 |   ABSL_LOG_INTERNAL_CONDITION_FATAL(STATELESS,                        \
      |   ^~~~~~~~~~~~~~~~~~~~~~~~~~~~~~~~~
external/abseil-cpp+/absl/log/internal/check_impl.h:27:37: note: in expansion of macro 'ABSL_PREDICT_FALSE'
   27 |                                     ABSL_PREDICT_FALSE(!(condition))) \
      |                                     ^~~~~~~~~~~~~~~~~~
external/abseil-cpp+/absl/log/internal/check_impl.h:43:3: note: in expansion of macro 'ABSL_LOG_INTERNAL_CHECK_IMPL'
   43 |   ABSL_LOG_INTERNAL_CHECK_IMPL(true || (condition), "true")
      |   ^~~~~~~~~~~~~~~~~~~~~~~~~~~~
external/abseil-cpp+/absl/log/absl_check.h:47:3: note: in expansion of macro 'ABSL_LOG_INTERNAL_DCHECK_IMPL'
   47 |   ABSL_LOG_INTERNAL_DCHECK_IMPL((condition), #condition)
      |   ^~~~~~~~~~~~~~~~~~~~~~~~~~~~~
external/protobuf+/src/google/protobuf/generated_message_reflection.cc:3279:3: note: in expansion of macro 'ABSL_DCHECK'
 3279 |   ABSL_DCHECK(!field->options().weak());
      |   ^~~~~~~~~~~
bazel-out/aarch64-opt-exec-ST-d57f47055a04/bin/external/protobuf+/src/google/protobuf/_virtual_includes/protobuf/google/protobuf/descriptor.pb.h:19782:13: note: declared here
19782 | inline bool FieldOptions::weak() const {
      |             ^~~~~~~~~~~~
bazel-out/aarch64-opt-exec-ST-d57f47055a04/bin/external/protobuf+/src/google/protobuf/_virtual_includes/protobuf/google/protobuf/reflection_visit_fields.h: In instantiation of 'static void google::protobuf::internal::ReflectionVisit::VisitFields(MessageT&, CallbackFn&&, google::protobuf::internal::FieldMask) [with MessageT = google::protobuf::Message; CallbackFn = google::protobuf::internal::ReflectionVisit::VisitMessageFields<google::protobuf::Reflection::MaybePoisonAfterClear(google::protobuf::Message&) const::<lambda(google::protobuf::Message&)> >(google::protobuf::Message&, google::protobuf::Reflection::MaybePoisonAfterClear(google::protobuf::Message&) const::<lambda(google::protobuf::Message&)>&&)::<lambda(auto:57)>]':
bazel-out/aarch64-opt-exec-ST-d57f47055a04/bin/external/protobuf+/src/google/protobuf/_virtual_includes/protobuf/google/protobuf/reflection_visit_fields.h:447:31:   required from 'static void google::protobuf::internal::ReflectionVisit::VisitMessageFields(google::protobuf::Message&, CallbackFn&&) [with CallbackFn = google::protobuf::Reflection::MaybePoisonAfterClear(google::protobuf::Message&) const::<lambda(google::protobuf::Message&)>]'
bazel-out/aarch64-opt-exec-ST-d57f47055a04/bin/external/protobuf+/src/google/protobuf/_virtual_includes/protobuf/google/protobuf/reflection_visit_fields.h:502:38:   required from 'void google::protobuf::internal::VisitMutableMessageFields(google::protobuf::Message&, CallbackFn&&) [with CallbackFn = google::protobuf::Reflection::MaybePoisonAfterClear(google::protobuf::Message&) const::<lambda(google::protobuf::Message&)>]'
external/protobuf+/src/google/protobuf/generated_message_reflection.cc:1399:40:   required from here
bazel-out/aarch64-opt-exec-ST-d57f47055a04/bin/external/protobuf+/src/google/protobuf/_virtual_includes/protobuf/google/protobuf/reflection_visit_fields.h:109:39: warning: 'bool google::protobuf::FieldOptions::weak() const' is deprecated [-Wdeprecated-declarations]
  109 |     ABSL_DCHECK(!field->options().weak()) << "weak fields are not supported";
      |                  ~~~~~~~~~~~~~~~~~~~~~^~
external/abseil-cpp+/absl/log/internal/conditions.h:68:7: note: in definition of macro 'ABSL_LOG_INTERNAL_STATELESS_CONDITION'
   68 |     !(condition) ? (void)0 : ::absl::log_internal::Voidify() &&
      |       ^~~~~~~~~
external/abseil-cpp+/absl/log/internal/check_impl.h:26:3: note: in expansion of macro 'ABSL_LOG_INTERNAL_CONDITION_FATAL'
   26 |   ABSL_LOG_INTERNAL_CONDITION_FATAL(STATELESS,                        \
      |   ^~~~~~~~~~~~~~~~~~~~~~~~~~~~~~~~~
external/abseil-cpp+/absl/log/internal/check_impl.h:27:37: note: in expansion of macro 'ABSL_PREDICT_FALSE'
   27 |                                     ABSL_PREDICT_FALSE(!(condition))) \
      |                                     ^~~~~~~~~~~~~~~~~~
external/abseil-cpp+/absl/log/internal/check_impl.h:43:3: note: in expansion of macro 'ABSL_LOG_INTERNAL_CHECK_IMPL'
   43 |   ABSL_LOG_INTERNAL_CHECK_IMPL(true || (condition), "true")
      |   ^~~~~~~~~~~~~~~~~~~~~~~~~~~~
external/abseil-cpp+/absl/log/absl_check.h:47:3: note: in expansion of macro 'ABSL_LOG_INTERNAL_DCHECK_IMPL'
   47 |   ABSL_LOG_INTERNAL_DCHECK_IMPL((condition), #condition)
      |   ^~~~~~~~~~~~~~~~~~~~~~~~~~~~~
bazel-out/aarch64-opt-exec-ST-d57f47055a04/bin/external/protobuf+/src/google/protobuf/_virtual_includes/protobuf/google/protobuf/reflection_visit_fields.h:109:5: note: in expansion of macro 'ABSL_DCHECK'
  109 |     ABSL_DCHECK(!field->options().weak()) << "weak fields are not supported";
      |     ^~~~~~~~~~~
bazel-out/aarch64-opt-exec-ST-d57f47055a04/bin/external/protobuf+/src/google/protobuf/_virtual_includes/protobuf/google/protobuf/descriptor.pb.h:19782:13: note: declared here
19782 | inline bool FieldOptions::weak() const {
      |             ^~~~~~~~~~~~
bazel-out/aarch64-opt-exec-ST-d57f47055a04/bin/external/protobuf+/src/google/protobuf/_virtual_includes/protobuf/google/protobuf/reflection_visit_fields.h:109:39: warning: 'bool google::protobuf::FieldOptions::weak() const' is deprecated [-Wdeprecated-declarations]
  109 |     ABSL_DCHECK(!field->options().weak()) << "weak fields are not supported";
      |                  ~~~~~~~~~~~~~~~~~~~~~^~
external/abseil-cpp+/absl/log/internal/conditions.h:68:7: note: in definition of macro 'ABSL_LOG_INTERNAL_STATELESS_CONDITION'
   68 |     !(condition) ? (void)0 : ::absl::log_internal::Voidify() &&
      |       ^~~~~~~~~
external/abseil-cpp+/absl/log/internal/check_impl.h:26:3: note: in expansion of macro 'ABSL_LOG_INTERNAL_CONDITION_FATAL'
   26 |   ABSL_LOG_INTERNAL_CONDITION_FATAL(STATELESS,                        \
      |   ^~~~~~~~~~~~~~~~~~~~~~~~~~~~~~~~~
external/abseil-cpp+/absl/log/internal/check_impl.h:27:37: note: in expansion of macro 'ABSL_PREDICT_FALSE'
   27 |                                     ABSL_PREDICT_FALSE(!(condition))) \
      |                                     ^~~~~~~~~~~~~~~~~~
external/abseil-cpp+/absl/log/internal/check_impl.h:43:3: note: in expansion of macro 'ABSL_LOG_INTERNAL_CHECK_IMPL'
   43 |   ABSL_LOG_INTERNAL_CHECK_IMPL(true || (condition), "true")
      |   ^~~~~~~~~~~~~~~~~~~~~~~~~~~~
external/abseil-cpp+/absl/log/absl_check.h:47:3: note: in expansion of macro 'ABSL_LOG_INTERNAL_DCHECK_IMPL'
   47 |   ABSL_LOG_INTERNAL_DCHECK_IMPL((condition), #condition)
      |   ^~~~~~~~~~~~~~~~~~~~~~~~~~~~~
bazel-out/aarch64-opt-exec-ST-d57f47055a04/bin/external/protobuf+/src/google/protobuf/_virtual_includes/protobuf/google/protobuf/reflection_visit_fields.h:109:5: note: in expansion of macro 'ABSL_DCHECK'
  109 |     ABSL_DCHECK(!field->options().weak()) << "weak fields are not supported";
      |     ^~~~~~~~~~~
bazel-out/aarch64-opt-exec-ST-d57f47055a04/bin/external/protobuf+/src/google/protobuf/_virtual_includes/protobuf/google/protobuf/descriptor.pb.h:19782:13: note: declared here
19782 | inline bool FieldOptions::weak() const {
      |             ^~~~~~~~~~~~
[1,232 / 1,369] Compiling src/google/protobuf/compiler/kotlin/field.cc [for tool]; 1s processwrapper-sandbox ... (2 actions, 1 running)
[1,232 / 1,369] Compiling src/google/protobuf/compiler/kotlin/field.cc [for tool]; 3s processwrapper-sandbox ... (2 actions running)
[1,234 / 1,369] Compiling src/google/protobuf/feature_resolver.cc [for tool]; 1s processwrapper-sandbox ... (2 actions, 1 running)
[1,235 / 1,369] Compiling src/google/protobuf/compiler/kotlin/file.cc [for tool]; 1s processwrapper-sandbox ... (2 actions, 1 running)
[1,236 / 1,369] Compiling src/google/protobuf/extension_set_heavy.cc [for tool]; 1s processwrapper-sandbox ... (2 actions running)
[1,237 / 1,369] Compiling src/google/protobuf/compiler/kotlin/message.cc [for tool]; 1s processwrapper-sandbox ... (2 actions, 1 running)
[1,237 / 1,369] Compiling src/google/protobuf/compiler/kotlin/message.cc [for tool]; 3s processwrapper-sandbox ... (2 actions running)
INFO: From Compiling src/google/protobuf/dynamic_message.cc [for tool]:
external/protobuf+/src/google/protobuf/dynamic_message.cc: In member function 'void google::protobuf::DynamicMessage::CrossLinkPrototypes()':
external/protobuf+/src/google/protobuf/dynamic_message.cc:845:31: warning: 'bool google::protobuf::FieldOptions::weak() const' is deprecated [-Wdeprecated-declarations]
  845 |         !field->options().weak() && !InRealOneof(field) &&
      |          ~~~~~~~~~~~~~~~~~~~~~^~
In file included from external/protobuf+/src/google/protobuf/dynamic_message.cc:57:
bazel-out/aarch64-opt-exec-ST-d57f47055a04/bin/external/protobuf+/src/google/protobuf/_virtual_includes/protobuf/google/protobuf/descriptor.pb.h:19782:13: note: declared here
19782 | inline bool FieldOptions::weak() const {
      |             ^~~~~~~~~~~~
[1,239 / 1,369] Compiling src/google/protobuf/descriptor_database.cc [for tool]; 0s processwrapper-sandbox ... (2 actions running)
[1,240 / 1,369] Compiling src/google/protobuf/descriptor_database.cc [for tool]; 2s processwrapper-sandbox ... (2 actions, 1 running)
[1,240 / 1,369] Compiling src/google/protobuf/descriptor_database.cc [for tool]; 3s processwrapper-sandbox ... (2 actions running)
[1,241 / 1,369] Compiling src/google/protobuf/compiler/java/file.cc [for tool]; 3s processwrapper-sandbox ... (2 actions running)
[1,242 / 1,369] Compiling src/google/protobuf/descriptor.pb.cc [for tool]; 2s processwrapper-sandbox ... (2 actions running)
[1,243 / 1,369] Compiling src/google/protobuf/descriptor.pb.cc [for tool]; 4s processwrapper-sandbox ... (2 actions, 1 running)
[1,244 / 1,369] Compiling src/google/protobuf/compiler/java/shared_code_generator.cc [for tool]; 1s processwrapper-sandbox ... (2 actions running)
[1,245 / 1,369] Compiling src/google/protobuf/descriptor.cc [for tool]; 2s processwrapper-sandbox ... (2 actions, 1 running)
[1,245 / 1,369] Compiling src/google/protobuf/descriptor.cc [for tool]; 3s processwrapper-sandbox ... (2 actions running)
[1,246 / 1,369] Compiling src/google/protobuf/descriptor.cc [for tool]; 5s processwrapper-sandbox ... (2 actions, 1 running)
[1,246 / 1,369] Compiling src/google/protobuf/descriptor.cc [for tool]; 6s processwrapper-sandbox ... (2 actions running)
[1,247 / 1,369] Compiling src/google/protobuf/descriptor.cc [for tool]; 7s processwrapper-sandbox ... (2 actions running)
[1,248 / 1,369] Compiling src/google/protobuf/descriptor.cc [for tool]; 9s processwrapper-sandbox ... (2 actions, 1 running)
[1,248 / 1,369] Compiling src/google/protobuf/descriptor.cc [for tool]; 10s processwrapper-sandbox ... (2 actions running)
[1,249 / 1,369] Compiling src/google/protobuf/descriptor.cc [for tool]; 13s processwrapper-sandbox ... (2 actions, 1 running)
INFO: From Compiling src/google/protobuf/descriptor.cc [for tool]:
external/protobuf+/src/google/protobuf/descriptor.cc: In member function 'void google::protobuf::DescriptorBuilder::CrossLinkField(google::protobuf::FieldDescriptor*, const google::protobuf::FieldDescriptorProto&)':
external/protobuf+/src/google/protobuf/descriptor.cc:8005:65: warning: 'bool google::protobuf::FieldOptions::weak() const' is deprecated [-Wdeprecated-declarations]
 8005 |     bool is_weak = !pool_->enforce_weak_ && proto.options().weak();
      |                                             ~~~~~~~~~~~~~~~~~~~~^~
In file included from bazel-out/aarch64-opt-exec-ST-d57f47055a04/bin/external/protobuf+/src/google/protobuf/_virtual_includes/protobuf/google/protobuf/cpp_features.pb.h:34,
                 from external/protobuf+/src/google/protobuf/descriptor.cc:72:
bazel-out/aarch64-opt-exec-ST-d57f47055a04/bin/external/protobuf+/src/google/protobuf/_virtual_includes/protobuf/google/protobuf/descriptor.pb.h:19782:13: note: declared here
19782 | inline bool FieldOptions::weak() const {
      |             ^~~~~~~~~~~~
external/protobuf+/src/google/protobuf/descriptor.cc: In function 'google::protobuf::internal::cpp::HasbitMode google::protobuf::internal::cpp::GetFieldHasbitModeWithoutProfile(const google::protobuf::FieldDescriptor*)':
external/protobuf+/src/google/protobuf/descriptor.cc:10707:62: warning: 'bool google::protobuf::FieldOptions::weak() const' is deprecated [-Wdeprecated-declarations]
10707 |   if (field->real_containing_oneof() || field->options().weak() ||
      |                                         ~~~~~~~~~~~~~~~~~~~~~^~
bazel-out/aarch64-opt-exec-ST-d57f47055a04/bin/external/protobuf+/src/google/protobuf/_virtual_includes/protobuf/google/protobuf/descriptor.pb.h:19782:13: note: declared here
19782 | inline bool FieldOptions::weak() const {
      |             ^~~~~~~~~~~~
[1,250 / 1,369] Compiling src/google/protobuf/compiler/java/lite/message_builder.cc [for tool]; 1s processwrapper-sandbox ... (2 actions running)
[1,251 / 1,369] Compiling src/google/protobuf/compiler/java/lite/message_builder.cc [for tool]; 2s processwrapper-sandbox ... (2 actions running)
[1,253 / 1,369] Compiling src/google/protobuf/compiler/java/full/service.cc [for tool]; 0s processwrapper-sandbox ... (2 actions running)
[1,254 / 1,369] Compiling src/google/protobuf/compiler/retention.cc [for tool]; 2s processwrapper-sandbox ... (2 actions, 1 running)
[1,255 / 1,369] Compiling src/google/protobuf/compiler/java/field_common.cc [for tool]; 1s processwrapper-sandbox ... (2 actions running)
[1,256 / 1,369] Compiling src/google/protobuf/compiler/java/field_common.cc [for tool]; 2s processwrapper-sandbox ... (2 actions running)
[1,257 / 1,369] Compiling src/google/protobuf/compiler/plugin.cc [for tool]; 1s processwrapper-sandbox ... (2 actions running)
[1,258 / 1,369] Compiling src/google/protobuf/compiler/java/doc_comment.cc [for tool]; 1s processwrapper-sandbox ... (2 actions running)
[1,259 / 1,369] Compiling src/google/protobuf/compiler/code_generator.cc [for tool]; 1s processwrapper-sandbox ... (2 actions, 1 running)
[1,262 / 1,369] Compiling src/google/protobuf/compiler/java/helpers.cc [for tool]; 1s processwrapper-sandbox ... (2 actions running)
[1,264 / 1,369] Compiling src/google/protobuf/compiler/cpp/main.cc [for tool]; 0s processwrapper-sandbox ... (2 actions, 1 running)
[1,265 / 1,369] Compiling src/google/protobuf/compiler/java/name_resolver.cc [for tool]; 1s processwrapper-sandbox ... (2 actions, 1 running)
[1,266 / 1,369] Compiling src/google/protobuf/compiler/cpp/enum.cc [for tool]; 1s processwrapper-sandbox ... (2 actions, 1 running)
[1,266 / 1,369] Compiling src/google/protobuf/compiler/cpp/enum.cc [for tool]; 2s processwrapper-sandbox ... (2 actions running)
[1,267 / 1,369] Compiling src/google/protobuf/compiler/cpp/enum.cc [for tool]; 3s processwrapper-sandbox ... (2 actions running)
INFO: From Compiling src/google/protobuf/compiler/cpp/enum.cc [for tool]:
In file included from external/protobuf+/src/google/protobuf/compiler/cpp/enum.cc:29:
bazel-out/aarch64-opt-exec-ST-d57f47055a04/bin/external/protobuf+/src/google/protobuf/compiler/cpp/_virtual_includes/names_internal/google/protobuf/compiler/cpp/helpers.h: In function 'bool google::protobuf::compiler::cpp::IsWeak(const google::protobuf::FieldDescriptor*, const Options&)':
bazel-out/aarch64-opt-exec-ST-d57f47055a04/bin/external/protobuf+/src/google/protobuf/compiler/cpp/_virtual_includes/names_internal/google/protobuf/compiler/cpp/helpers.h:359:28: warning: 'bool google::protobuf::FieldOptions::weak() const' is deprecated [-Wdeprecated-declarations]
  359 |   if (field->options().weak()) {
      |       ~~~~~~~~~~~~~~~~~~~~~^~
In file included from bazel-out/aarch64-opt-exec-ST-d57f47055a04/bin/external/protobuf+/src/google/protobuf/compiler/_virtual_includes/code_generator_lite/google/protobuf/compiler/code_generator_lite.h:18,
                 from bazel-out/aarch64-opt-exec-ST-d57f47055a04/bin/external/protobuf+/src/google/protobuf/compiler/_virtual_includes/code_generator/google/protobuf/compiler/code_generator.h:25,
                 from bazel-out/aarch64-opt-exec-ST-d57f47055a04/bin/external/protobuf+/src/google/protobuf/compiler/cpp/_virtual_includes/cpp/google/protobuf/compiler/cpp/generator.h:24,
                 from external/protobuf+/src/google/protobuf/compiler/cpp/enum.cc:28:
bazel-out/aarch64-opt-exec-ST-d57f47055a04/bin/external/protobuf+/src/google/protobuf/_virtual_includes/protobuf/google/protobuf/descriptor.pb.h:19782:13: note: declared here
19782 | inline bool FieldOptions::weak() const {
      |             ^~~~~~~~~~~~
[1,268 / 1,369] Compiling src/google/protobuf/compiler/python/generator.cc [for tool]; 1s processwrapper-sandbox ... (2 actions running)
INFO: From Compiling src/google/protobuf/compiler/cpp/extension.cc [for tool]:
In file included from bazel-out/aarch64-opt-exec-ST-d57f47055a04/bin/external/protobuf+/src/google/protobuf/compiler/cpp/_virtual_includes/cpp/google/protobuf/compiler/cpp/extension.h:19,
                 from external/protobuf+/src/google/protobuf/compiler/cpp/extension.cc:12:
bazel-out/aarch64-opt-exec-ST-d57f47055a04/bin/external/protobuf+/src/google/protobuf/compiler/cpp/_virtual_includes/names_internal/google/protobuf/compiler/cpp/helpers.h: In function 'bool google::protobuf::compiler::cpp::IsWeak(const google::protobuf::FieldDescriptor*, const Options&)':
bazel-out/aarch64-opt-exec-ST-d57f47055a04/bin/external/protobuf+/src/google/protobuf/compiler/cpp/_virtual_includes/names_internal/google/protobuf/compiler/cpp/helpers.h:359:28: warning: 'bool google::protobuf::FieldOptions::weak() const' is deprecated [-Wdeprecated-declarations]
  359 |   if (field->options().weak()) {
      |       ~~~~~~~~~~~~~~~~~~~~~^~
In file included from bazel-out/aarch64-opt-exec-ST-d57f47055a04/bin/external/protobuf+/src/google/protobuf/compiler/_virtual_includes/code_generator_lite/google/protobuf/compiler/code_generator_lite.h:18,
                 from bazel-out/aarch64-opt-exec-ST-d57f47055a04/bin/external/protobuf+/src/google/protobuf/compiler/_virtual_includes/code_generator/google/protobuf/compiler/code_generator.h:25,
                 from bazel-out/aarch64-opt-exec-ST-d57f47055a04/bin/external/protobuf+/src/google/protobuf/compiler/cpp/_virtual_includes/names_internal/google/protobuf/compiler/cpp/helpers.h:30:
bazel-out/aarch64-opt-exec-ST-d57f47055a04/bin/external/protobuf+/src/google/protobuf/_virtual_includes/protobuf/google/protobuf/descriptor.pb.h:19782:13: note: declared here
19782 | inline bool FieldOptions::weak() const {
      |             ^~~~~~~~~~~~
[1,269 / 1,369] Compiling src/google/protobuf/compiler/python/generator.cc [for tool]; 4s processwrapper-sandbox ... (2 actions, 1 running)
[1,270 / 1,369] Compiling src/google/protobuf/compiler/cpp/field.cc [for tool]; 1s processwrapper-sandbox ... (2 actions running)
INFO: From Compiling src/google/protobuf/compiler/cpp/field.cc [for tool]:
In file included from bazel-out/aarch64-opt-exec-ST-d57f47055a04/bin/external/protobuf+/src/google/protobuf/compiler/cpp/_virtual_includes/cpp/google/protobuf/compiler/cpp/field.h:26,
                 from external/protobuf+/src/google/protobuf/compiler/cpp/field.cc:12:
bazel-out/aarch64-opt-exec-ST-d57f47055a04/bin/external/protobuf+/src/google/protobuf/compiler/cpp/_virtual_includes/names_internal/google/protobuf/compiler/cpp/helpers.h: In function 'bool google::protobuf::compiler::cpp::IsWeak(const google::protobuf::FieldDescriptor*, const Options&)':
bazel-out/aarch64-opt-exec-ST-d57f47055a04/bin/external/protobuf+/src/google/protobuf/compiler/cpp/_virtual_includes/names_internal/google/protobuf/compiler/cpp/helpers.h:359:28: warning: 'bool google::protobuf::FieldOptions::weak() const' is deprecated [-Wdeprecated-declarations]
  359 |   if (field->options().weak()) {
      |       ~~~~~~~~~~~~~~~~~~~~~^~
In file included from bazel-out/aarch64-opt-exec-ST-d57f47055a04/bin/external/protobuf+/src/google/protobuf/compiler/_virtual_includes/code_generator_lite/google/protobuf/compiler/code_generator_lite.h:18,
                 from bazel-out/aarch64-opt-exec-ST-d57f47055a04/bin/external/protobuf+/src/google/protobuf/compiler/_virtual_includes/code_generator/google/protobuf/compiler/code_generator.h:25,
                 from bazel-out/aarch64-opt-exec-ST-d57f47055a04/bin/external/protobuf+/src/google/protobuf/compiler/cpp/_virtual_includes/names_internal/google/protobuf/compiler/cpp/helpers.h:30:
bazel-out/aarch64-opt-exec-ST-d57f47055a04/bin/external/protobuf+/src/google/protobuf/_virtual_includes/protobuf/google/protobuf/descriptor.pb.h:19782:13: note: declared here
19782 | inline bool FieldOptions::weak() const {
      |             ^~~~~~~~~~~~
[1,272 / 1,369] Compiling src/google/protobuf/compiler/python/pyi_generator.cc [for tool]; 1s processwrapper-sandbox ... (2 actions, 1 running)
[1,272 / 1,369] Compiling src/google/protobuf/compiler/python/pyi_generator.cc [for tool]; 2s processwrapper-sandbox ... (2 actions running)
INFO: From Compiling src/google/protobuf/compiler/cpp/field_chunk.cc [for tool]:
In file included from bazel-out/aarch64-opt-exec-ST-d57f47055a04/bin/external/protobuf+/src/google/protobuf/compiler/cpp/_virtual_includes/cpp/google/protobuf/compiler/cpp/field_chunk.h:10,
                 from external/protobuf+/src/google/protobuf/compiler/cpp/field_chunk.cc:1:
bazel-out/aarch64-opt-exec-ST-d57f47055a04/bin/external/protobuf+/src/google/protobuf/compiler/cpp/_virtual_includes/names_internal/google/protobuf/compiler/cpp/helpers.h: In function 'bool google::protobuf::compiler::cpp::IsWeak(const google::protobuf::FieldDescriptor*, const Options&)':
bazel-out/aarch64-opt-exec-ST-d57f47055a04/bin/external/protobuf+/src/google/protobuf/compiler/cpp/_virtual_includes/names_internal/google/protobuf/compiler/cpp/helpers.h:359:28: warning: 'bool google::protobuf::FieldOptions::weak() const' is deprecated [-Wdeprecated-declarations]
  359 |   if (field->options().weak()) {
      |       ~~~~~~~~~~~~~~~~~~~~~^~
In file included from bazel-out/aarch64-opt-exec-ST-d57f47055a04/bin/external/protobuf+/src/google/protobuf/compiler/_virtual_includes/code_generator_lite/google/protobuf/compiler/code_generator_lite.h:18,
                 from bazel-out/aarch64-opt-exec-ST-d57f47055a04/bin/external/protobuf+/src/google/protobuf/compiler/_virtual_includes/code_generator/google/protobuf/compiler/code_generator.h:25,
                 from bazel-out/aarch64-opt-exec-ST-d57f47055a04/bin/external/protobuf+/src/google/protobuf/compiler/cpp/_virtual_includes/names_internal/google/protobuf/compiler/cpp/helpers.h:30:
bazel-out/aarch64-opt-exec-ST-d57f47055a04/bin/external/protobuf+/src/google/protobuf/_virtual_includes/protobuf/google/protobuf/descriptor.pb.h:19782:13: note: declared here
19782 | inline bool FieldOptions::weak() const {
      |             ^~~~~~~~~~~~
[1,274 / 1,369] Compiling src/google/protobuf/compiler/command_line_interface.cc [for tool]; 0s processwrapper-sandbox ... (2 actions running)
INFO: From Compiling src/google/protobuf/compiler/cpp/field_generators/cord_field.cc [for tool]:
In file included from bazel-out/aarch64-opt-exec-ST-d57f47055a04/bin/external/protobuf+/src/google/protobuf/compiler/cpp/_virtual_includes/cpp/google/protobuf/compiler/cpp/field.h:26,
                 from external/protobuf+/src/google/protobuf/compiler/cpp/field_generators/cord_field.cc:23:
bazel-out/aarch64-opt-exec-ST-d57f47055a04/bin/external/protobuf+/src/google/protobuf/compiler/cpp/_virtual_includes/names_internal/google/protobuf/compiler/cpp/helpers.h: In function 'bool google::protobuf::compiler::cpp::IsWeak(const google::protobuf::FieldDescriptor*, const Options&)':
bazel-out/aarch64-opt-exec-ST-d57f47055a04/bin/external/protobuf+/src/google/protobuf/compiler/cpp/_virtual_includes/names_internal/google/protobuf/compiler/cpp/helpers.h:359:28: warning: 'bool google::protobuf::FieldOptions::weak() const' is deprecated [-Wdeprecated-declarations]
  359 |   if (field->options().weak()) {
      |       ~~~~~~~~~~~~~~~~~~~~~^~
In file included from bazel-out/aarch64-opt-exec-ST-d57f47055a04/bin/external/protobuf+/src/google/protobuf/compiler/_virtual_includes/code_generator_lite/google/protobuf/compiler/code_generator_lite.h:18,
                 from bazel-out/aarch64-opt-exec-ST-d57f47055a04/bin/external/protobuf+/src/google/protobuf/compiler/_virtual_includes/code_generator/google/protobuf/compiler/code_generator.h:25,
                 from bazel-out/aarch64-opt-exec-ST-d57f47055a04/bin/external/protobuf+/src/google/protobuf/compiler/cpp/_virtual_includes/names_internal/google/protobuf/compiler/cpp/helpers.h:30:
bazel-out/aarch64-opt-exec-ST-d57f47055a04/bin/external/protobuf+/src/google/protobuf/_virtual_includes/protobuf/google/protobuf/descriptor.pb.h:19782:13: note: declared here
19782 | inline bool FieldOptions::weak() const {
      |             ^~~~~~~~~~~~
[1,275 / 1,369] Compiling src/google/protobuf/compiler/command_line_interface.cc [for tool]; 3s processwrapper-sandbox ... (2 actions, 1 running)
[1,275 / 1,369] Compiling src/google/protobuf/compiler/command_line_interface.cc [for tool]; 5s processwrapper-sandbox ... (2 actions running)
INFO: From Compiling src/google/protobuf/compiler/cpp/field_generators/enum_field.cc [for tool]:
In file included from bazel-out/aarch64-opt-exec-ST-d57f47055a04/bin/external/protobuf+/src/google/protobuf/compiler/cpp/_virtual_includes/cpp/google/protobuf/compiler/cpp/field.h:26,
                 from external/protobuf+/src/google/protobuf/compiler/cpp/field_generators/enum_field.cc:20:
bazel-out/aarch64-opt-exec-ST-d57f47055a04/bin/external/protobuf+/src/google/protobuf/compiler/cpp/_virtual_includes/names_internal/google/protobuf/compiler/cpp/helpers.h: In function 'bool google::protobuf::compiler::cpp::IsWeak(const google::protobuf::FieldDescriptor*, const Options&)':
bazel-out/aarch64-opt-exec-ST-d57f47055a04/bin/external/protobuf+/src/google/protobuf/compiler/cpp/_virtual_includes/names_internal/google/protobuf/compiler/cpp/helpers.h:359:28: warning: 'bool google::protobuf::FieldOptions::weak() const' is deprecated [-Wdeprecated-declarations]
  359 |   if (field->options().weak()) {
      |       ~~~~~~~~~~~~~~~~~~~~~^~
In file included from bazel-out/aarch64-opt-exec-ST-d57f47055a04/bin/external/protobuf+/src/google/protobuf/compiler/_virtual_includes/code_generator_lite/google/protobuf/compiler/code_generator_lite.h:18,
                 from bazel-out/aarch64-opt-exec-ST-d57f47055a04/bin/external/protobuf+/src/google/protobuf/compiler/_virtual_includes/code_generator/google/protobuf/compiler/code_generator.h:25,
                 from bazel-out/aarch64-opt-exec-ST-d57f47055a04/bin/external/protobuf+/src/google/protobuf/compiler/cpp/_virtual_includes/names_internal/google/protobuf/compiler/cpp/helpers.h:30:
bazel-out/aarch64-opt-exec-ST-d57f47055a04/bin/external/protobuf+/src/google/protobuf/_virtual_includes/protobuf/google/protobuf/descriptor.pb.h:19782:13: note: declared here
19782 | inline bool FieldOptions::weak() const {
      |             ^~~~~~~~~~~~
[1,277 / 1,369] Compiling src/google/protobuf/compiler/subprocess.cc [for tool]; 0s processwrapper-sandbox ... (2 actions, 1 running)
[1,278 / 1,369] Compiling src/google/protobuf/compiler/cpp/field_generators/map_field.cc [for tool]; 1s processwrapper-sandbox ... (2 actions running)
[1,279 / 1,369] Compiling src/google/protobuf/compiler/cpp/field_generators/map_field.cc [for tool]; 2s processwrapper-sandbox ... (2 actions running)
INFO: From Compiling src/google/protobuf/compiler/cpp/field_generators/map_field.cc [for tool]:
In file included from bazel-out/aarch64-opt-exec-ST-d57f47055a04/bin/external/protobuf+/src/google/protobuf/compiler/cpp/_virtual_includes/cpp/google/protobuf/compiler/cpp/field.h:26,
                 from external/protobuf+/src/google/protobuf/compiler/cpp/field_generators/map_field.cc:19:
bazel-out/aarch64-opt-exec-ST-d57f47055a04/bin/external/protobuf+/src/google/protobuf/compiler/cpp/_virtual_includes/names_internal/google/protobuf/compiler/cpp/helpers.h: In function 'bool google::protobuf::compiler::cpp::IsWeak(const google::protobuf::FieldDescriptor*, const Options&)':
bazel-out/aarch64-opt-exec-ST-d57f47055a04/bin/external/protobuf+/src/google/protobuf/compiler/cpp/_virtual_includes/names_internal/google/protobuf/compiler/cpp/helpers.h:359:28: warning: 'bool google::protobuf::FieldOptions::weak() const' is deprecated [-Wdeprecated-declarations]
  359 |   if (field->options().weak()) {
      |       ~~~~~~~~~~~~~~~~~~~~~^~
In file included from bazel-out/aarch64-opt-exec-ST-d57f47055a04/bin/external/protobuf+/src/google/protobuf/compiler/_virtual_includes/code_generator_lite/google/protobuf/compiler/code_generator_lite.h:18,
                 from bazel-out/aarch64-opt-exec-ST-d57f47055a04/bin/external/protobuf+/src/google/protobuf/compiler/_virtual_includes/code_generator/google/protobuf/compiler/code_generator.h:25,
                 from bazel-out/aarch64-opt-exec-ST-d57f47055a04/bin/external/protobuf+/src/google/protobuf/compiler/cpp/_virtual_includes/names_internal/google/protobuf/compiler/cpp/helpers.h:30:
bazel-out/aarch64-opt-exec-ST-d57f47055a04/bin/external/protobuf+/src/google/protobuf/_virtual_includes/protobuf/google/protobuf/descriptor.pb.h:19782:13: note: declared here
19782 | inline bool FieldOptions::weak() const {
      |             ^~~~~~~~~~~~
[1,282 / 1,369] Compiling src/google/protobuf/compiler/cpp/field_generators/message_field.cc [for tool]; 0s processwrapper-sandbox ... (2 actions, 1 running)
[1,287 / 1,369] Compiling src/google/protobuf/compiler/cpp/field_generators/message_field.cc [for tool]; 2s processwrapper-sandbox ... (2 actions running)
[1,288 / 1,369] Compiling src/google/protobuf/compiler/cpp/field_generators/message_field.cc [for tool]; 3s processwrapper-sandbox ... (2 actions, 1 running)
INFO: From Compiling src/google/protobuf/compiler/cpp/field_generators/message_field.cc [for tool]:
In file included from bazel-out/aarch64-opt-exec-ST-d57f47055a04/bin/external/protobuf+/src/google/protobuf/compiler/cpp/_virtual_includes/cpp/google/protobuf/compiler/cpp/field.h:26,
                 from external/protobuf+/src/google/protobuf/compiler/cpp/field_generators/message_field.cc:21:
bazel-out/aarch64-opt-exec-ST-d57f47055a04/bin/external/protobuf+/src/google/protobuf/compiler/cpp/_virtual_includes/names_internal/google/protobuf/compiler/cpp/helpers.h: In function 'bool google::protobuf::compiler::cpp::IsWeak(const google::protobuf::FieldDescriptor*, const Options&)':
bazel-out/aarch64-opt-exec-ST-d57f47055a04/bin/external/protobuf+/src/google/protobuf/compiler/cpp/_virtual_includes/names_internal/google/protobuf/compiler/cpp/helpers.h:359:28: warning: 'bool google::protobuf::FieldOptions::weak() const' is deprecated [-Wdeprecated-declarations]
  359 |   if (field->options().weak()) {
      |       ~~~~~~~~~~~~~~~~~~~~~^~
In file included from bazel-out/aarch64-opt-exec-ST-d57f47055a04/bin/external/protobuf+/src/google/protobuf/compiler/_virtual_includes/code_generator_lite/google/protobuf/compiler/code_generator_lite.h:18,
                 from bazel-out/aarch64-opt-exec-ST-d57f47055a04/bin/external/protobuf+/src/google/protobuf/compiler/_virtual_includes/code_generator/google/protobuf/compiler/code_generator.h:25,
                 from bazel-out/aarch64-opt-exec-ST-d57f47055a04/bin/external/protobuf+/src/google/protobuf/compiler/cpp/_virtual_includes/names_internal/google/protobuf/compiler/cpp/helpers.h:30:
bazel-out/aarch64-opt-exec-ST-d57f47055a04/bin/external/protobuf+/src/google/protobuf/_virtual_includes/protobuf/google/protobuf/descriptor.pb.h:19782:13: note: declared here
19782 | inline bool FieldOptions::weak() const {
      |             ^~~~~~~~~~~~
[1,289 / 1,369] Compiling src/google/protobuf/compiler/rust/message.cc [for tool]; 1s processwrapper-sandbox ... (2 actions running)
INFO: From Compiling src/google/protobuf/compiler/cpp/field_generators/primitive_field.cc [for tool]:
In file included from bazel-out/aarch64-opt-exec-ST-d57f47055a04/bin/external/protobuf+/src/google/protobuf/compiler/cpp/_virtual_includes/cpp/google/protobuf/compiler/cpp/field.h:26,
                 from external/protobuf+/src/google/protobuf/compiler/cpp/field_generators/primitive_field.cc:22:
bazel-out/aarch64-opt-exec-ST-d57f47055a04/bin/external/protobuf+/src/google/protobuf/compiler/cpp/_virtual_includes/names_internal/google/protobuf/compiler/cpp/helpers.h: In function 'bool google::protobuf::compiler::cpp::IsWeak(const google::protobuf::FieldDescriptor*, const Options&)':
bazel-out/aarch64-opt-exec-ST-d57f47055a04/bin/external/protobuf+/src/google/protobuf/compiler/cpp/_virtual_includes/names_internal/google/protobuf/compiler/cpp/helpers.h:359:28: warning: 'bool google::protobuf::FieldOptions::weak() const' is deprecated [-Wdeprecated-declarations]
  359 |   if (field->options().weak()) {
      |       ~~~~~~~~~~~~~~~~~~~~~^~
In file included from bazel-out/aarch64-opt-exec-ST-d57f47055a04/bin/external/protobuf+/src/google/protobuf/compiler/_virtual_includes/code_generator_lite/google/protobuf/compiler/code_generator_lite.h:18,
                 from bazel-out/aarch64-opt-exec-ST-d57f47055a04/bin/external/protobuf+/src/google/protobuf/compiler/_virtual_includes/code_generator/google/protobuf/compiler/code_generator.h:25,
                 from bazel-out/aarch64-opt-exec-ST-d57f47055a04/bin/external/protobuf+/src/google/protobuf/compiler/cpp/_virtual_includes/names_internal/google/protobuf/compiler/cpp/helpers.h:30:
bazel-out/aarch64-opt-exec-ST-d57f47055a04/bin/external/protobuf+/src/google/protobuf/_virtual_includes/protobuf/google/protobuf/descriptor.pb.h:19782:13: note: declared here
19782 | inline bool FieldOptions::weak() const {
      |             ^~~~~~~~~~~~
[1,290 / 1,369] Compiling src/google/protobuf/compiler/rust/message.cc [for tool]; 3s processwrapper-sandbox ... (2 actions, 1 running)
INFO: From Compiling src/google/protobuf/compiler/rust/message.cc [for tool]:
In file included from external/protobuf+/src/google/protobuf/compiler/rust/message.cc:20:
bazel-out/aarch64-opt-exec-ST-d57f47055a04/bin/external/protobuf+/src/google/protobuf/compiler/cpp/_virtual_includes/names_internal/google/protobuf/compiler/cpp/helpers.h: In function 'bool google::protobuf::compiler::cpp::IsWeak(const google::protobuf::FieldDescriptor*, const Options&)':
bazel-out/aarch64-opt-exec-ST-d57f47055a04/bin/external/protobuf+/src/google/protobuf/compiler/cpp/_virtual_includes/names_internal/google/protobuf/compiler/cpp/helpers.h:359:28: warning: 'bool google::protobuf::FieldOptions::weak() const' is deprecated [-Wdeprecated-declarations]
  359 |   if (field->options().weak()) {
      |       ~~~~~~~~~~~~~~~~~~~~~^~
In file included from bazel-out/aarch64-opt-exec-ST-d57f47055a04/bin/external/protobuf+/src/google/protobuf/compiler/_virtual_includes/code_generator_lite/google/protobuf/compiler/code_generator_lite.h:18,
                 from bazel-out/aarch64-opt-exec-ST-d57f47055a04/bin/external/protobuf+/src/google/protobuf/compiler/_virtual_includes/code_generator/google/protobuf/compiler/code_generator.h:25,
                 from bazel-out/aarch64-opt-exec-ST-d57f47055a04/bin/external/protobuf+/src/google/protobuf/compiler/cpp/_virtual_includes/names_internal/google/protobuf/compiler/cpp/helpers.h:30:
bazel-out/aarch64-opt-exec-ST-d57f47055a04/bin/external/protobuf+/src/google/protobuf/_virtual_includes/protobuf/google/protobuf/descriptor.pb.h:19782:13: note: declared here
19782 | inline bool FieldOptions::weak() const {
      |             ^~~~~~~~~~~~
[1,291 / 1,369] Compiling src/google/protobuf/compiler/cpp/field_generators/string_field.cc [for tool]; 1s processwrapper-sandbox ... (2 actions running)
[1,292 / 1,369] Compiling src/google/protobuf/compiler/cpp/field_generators/string_field.cc [for tool]; 2s processwrapper-sandbox ... (2 actions, 1 running)
INFO: From Compiling src/google/protobuf/compiler/cpp/field_generators/string_field.cc [for tool]:
In file included from bazel-out/aarch64-opt-exec-ST-d57f47055a04/bin/external/protobuf+/src/google/protobuf/compiler/cpp/_virtual_includes/cpp/google/protobuf/compiler/cpp/field.h:26,
                 from external/protobuf+/src/google/protobuf/compiler/cpp/field_generators/string_field.cc:20:
bazel-out/aarch64-opt-exec-ST-d57f47055a04/bin/external/protobuf+/src/google/protobuf/compiler/cpp/_virtual_includes/names_internal/google/protobuf/compiler/cpp/helpers.h: In function 'bool google::protobuf::compiler::cpp::IsWeak(const google::protobuf::FieldDescriptor*, const Options&)':
bazel-out/aarch64-opt-exec-ST-d57f47055a04/bin/external/protobuf+/src/google/protobuf/compiler/cpp/_virtual_includes/names_internal/google/protobuf/compiler/cpp/helpers.h:359:28: warning: 'bool google::protobuf::FieldOptions::weak() const' is deprecated [-Wdeprecated-declarations]
  359 |   if (field->options().weak()) {
      |       ~~~~~~~~~~~~~~~~~~~~~^~
In file included from bazel-out/aarch64-opt-exec-ST-d57f47055a04/bin/external/protobuf+/src/google/protobuf/compiler/_virtual_includes/code_generator_lite/google/protobuf/compiler/code_generator_lite.h:18,
                 from bazel-out/aarch64-opt-exec-ST-d57f47055a04/bin/external/protobuf+/src/google/protobuf/compiler/_virtual_includes/code_generator/google/protobuf/compiler/code_generator.h:25,
                 from bazel-out/aarch64-opt-exec-ST-d57f47055a04/bin/external/protobuf+/src/google/protobuf/compiler/cpp/_virtual_includes/names_internal/google/protobuf/compiler/cpp/helpers.h:30:
bazel-out/aarch64-opt-exec-ST-d57f47055a04/bin/external/protobuf+/src/google/protobuf/_virtual_includes/protobuf/google/protobuf/descriptor.pb.h:19782:13: note: declared here
19782 | inline bool FieldOptions::weak() const {
      |             ^~~~~~~~~~~~
[1,293 / 1,369] Compiling src/google/protobuf/compiler/main.cc [for tool]; 1s processwrapper-sandbox ... (2 actions running)
[1,294 / 1,369] Compiling src/google/protobuf/compiler/cpp/field_generators/string_view_field.cc [for tool]; 1s processwrapper-sandbox ... (2 actions running)
INFO: From Compiling src/google/protobuf/compiler/cpp/field_generators/string_view_field.cc [for tool]:
In file included from bazel-out/aarch64-opt-exec-ST-d57f47055a04/bin/external/protobuf+/src/google/protobuf/compiler/cpp/_virtual_includes/cpp/google/protobuf/compiler/cpp/field.h:26,
                 from external/protobuf+/src/google/protobuf/compiler/cpp/field_generators/string_view_field.cc:19:
bazel-out/aarch64-opt-exec-ST-d57f47055a04/bin/external/protobuf+/src/google/protobuf/compiler/cpp/_virtual_includes/names_internal/google/protobuf/compiler/cpp/helpers.h: In function 'bool google::protobuf::compiler::cpp::IsWeak(const google::protobuf::FieldDescriptor*, const Options&)':
bazel-out/aarch64-opt-exec-ST-d57f47055a04/bin/external/protobuf+/src/google/protobuf/compiler/cpp/_virtual_includes/names_internal/google/protobuf/compiler/cpp/helpers.h:359:28: warning: 'bool google::protobuf::FieldOptions::weak() const' is deprecated [-Wdeprecated-declarations]
  359 |   if (field->options().weak()) {
      |       ~~~~~~~~~~~~~~~~~~~~~^~
In file included from bazel-out/aarch64-opt-exec-ST-d57f47055a04/bin/external/protobuf+/src/google/protobuf/compiler/_virtual_includes/code_generator_lite/google/protobuf/compiler/code_generator_lite.h:18,
                 from bazel-out/aarch64-opt-exec-ST-d57f47055a04/bin/external/protobuf+/src/google/protobuf/compiler/_virtual_includes/code_generator/google/protobuf/compiler/code_generator.h:25,
                 from bazel-out/aarch64-opt-exec-ST-d57f47055a04/bin/external/protobuf+/src/google/protobuf/compiler/cpp/_virtual_includes/names_internal/google/protobuf/compiler/cpp/helpers.h:30:
bazel-out/aarch64-opt-exec-ST-d57f47055a04/bin/external/protobuf+/src/google/protobuf/_virtual_includes/protobuf/google/protobuf/descriptor.pb.h:19782:13: note: declared here
19782 | inline bool FieldOptions::weak() const {
      |             ^~~~~~~~~~~~
[1,295 / 1,369] Compiling src/google/protobuf/compiler/rust/generator.cc [for tool]; 2s processwrapper-sandbox ... (2 actions, 1 running)
[1,295 / 1,369] Compiling src/google/protobuf/compiler/rust/generator.cc [for tool]; 3s processwrapper-sandbox ... (2 actions running)
[1,296 / 1,369] Compiling src/google/protobuf/compiler/cpp/file.cc [for tool]; 2s processwrapper-sandbox ... (2 actions running)
[1,297 / 1,369] Compiling src/google/protobuf/compiler/cpp/file.cc [for tool]; 3s processwrapper-sandbox ... (2 actions, 1 running)
[1,298 / 1,369] Compiling src/google/protobuf/compiler/cpp/file.cc [for tool]; 5s processwrapper-sandbox ... (2 actions, 1 running)
[1,303 / 1,369] Compiling src/google/protobuf/compiler/cpp/file.cc [for tool]; 6s processwrapper-sandbox ... (2 actions, 1 running)
INFO: From Compiling src/google/protobuf/compiler/cpp/file.cc [for tool]:
In file included from bazel-out/aarch64-opt-exec-ST-d57f47055a04/bin/external/protobuf+/src/google/protobuf/compiler/cpp/_virtual_includes/cpp/google/protobuf/compiler/cpp/extension.h:19,
                 from bazel-out/aarch64-opt-exec-ST-d57f47055a04/bin/external/protobuf+/src/google/protobuf/compiler/cpp/_virtual_includes/cpp/google/protobuf/compiler/cpp/file.h:26,
                 from external/protobuf+/src/google/protobuf/compiler/cpp/file.cc:12:
bazel-out/aarch64-opt-exec-ST-d57f47055a04/bin/external/protobuf+/src/google/protobuf/compiler/cpp/_virtual_includes/names_internal/google/protobuf/compiler/cpp/helpers.h: In function 'bool google::protobuf::compiler::cpp::IsWeak(const google::protobuf::FieldDescriptor*, const Options&)':
bazel-out/aarch64-opt-exec-ST-d57f47055a04/bin/external/protobuf+/src/google/protobuf/compiler/cpp/_virtual_includes/names_internal/google/protobuf/compiler/cpp/helpers.h:359:28: warning: 'bool google::protobuf::FieldOptions::weak() const' is deprecated [-Wdeprecated-declarations]
  359 |   if (field->options().weak()) {
      |       ~~~~~~~~~~~~~~~~~~~~~^~
In file included from bazel-out/aarch64-opt-exec-ST-d57f47055a04/bin/external/protobuf+/src/google/protobuf/compiler/_virtual_includes/code_generator_lite/google/protobuf/compiler/code_generator_lite.h:18,
                 from bazel-out/aarch64-opt-exec-ST-d57f47055a04/bin/external/protobuf+/src/google/protobuf/compiler/_virtual_includes/code_generator/google/protobuf/compiler/code_generator.h:25,
                 from bazel-out/aarch64-opt-exec-ST-d57f47055a04/bin/external/protobuf+/src/google/protobuf/compiler/cpp/_virtual_includes/names_internal/google/protobuf/compiler/cpp/helpers.h:30:
bazel-out/aarch64-opt-exec-ST-d57f47055a04/bin/external/protobuf+/src/google/protobuf/_virtual_includes/protobuf/google/protobuf/descriptor.pb.h:19782:13: note: declared here
19782 | inline bool FieldOptions::weak() const {
      |             ^~~~~~~~~~~~
[1,308 / 1,369] Compiling upb/reflection/file_def.c [for tool]; 0s processwrapper-sandbox ... (2 actions running)
[1,315 / 1,369] Compiling src/google/protobuf/compiler/cpp/generator.cc [for tool]; 1s processwrapper-sandbox ... (2 actions, 1 running)
[1,318 / 1,369] Compiling src/google/protobuf/compiler/cpp/generator.cc [for tool]; 3s processwrapper-sandbox ... (2 actions running)
INFO: From Compiling src/google/protobuf/compiler/cpp/generator.cc [for tool]:
In file included from bazel-out/aarch64-opt-exec-ST-d57f47055a04/bin/external/protobuf+/src/google/protobuf/compiler/cpp/_virtual_includes/cpp/google/protobuf/compiler/cpp/extension.h:19,
                 from bazel-out/aarch64-opt-exec-ST-d57f47055a04/bin/external/protobuf+/src/google/protobuf/compiler/cpp/_virtual_includes/cpp/google/protobuf/compiler/cpp/file.h:26,
                 from external/protobuf+/src/google/protobuf/compiler/cpp/generator.cc:31:
bazel-out/aarch64-opt-exec-ST-d57f47055a04/bin/external/protobuf+/src/google/protobuf/compiler/cpp/_virtual_includes/names_internal/google/protobuf/compiler/cpp/helpers.h: In function 'bool google::protobuf::compiler::cpp::IsWeak(const google::protobuf::FieldDescriptor*, const Options&)':
bazel-out/aarch64-opt-exec-ST-d57f47055a04/bin/external/protobuf+/src/google/protobuf/compiler/cpp/_virtual_includes/names_internal/google/protobuf/compiler/cpp/helpers.h:359:28: warning: 'bool google::protobuf::FieldOptions::weak() const' is deprecated [-Wdeprecated-declarations]
  359 |   if (field->options().weak()) {
      |       ~~~~~~~~~~~~~~~~~~~~~^~
In file included from bazel-out/aarch64-opt-exec-ST-d57f47055a04/bin/external/protobuf+/src/google/protobuf/compiler/_virtual_includes/code_generator_lite/google/protobuf/compiler/code_generator_lite.h:18,
                 from bazel-out/aarch64-opt-exec-ST-d57f47055a04/bin/external/protobuf+/src/google/protobuf/compiler/_virtual_includes/code_generator/google/protobuf/compiler/code_generator.h:25,
                 from bazel-out/aarch64-opt-exec-ST-d57f47055a04/bin/external/protobuf+/src/google/protobuf/compiler/cpp/_virtual_includes/cpp/google/protobuf/compiler/cpp/generator.h:24,
                 from external/protobuf+/src/google/protobuf/compiler/cpp/generator.cc:12:
bazel-out/aarch64-opt-exec-ST-d57f47055a04/bin/external/protobuf+/src/google/protobuf/_virtual_includes/protobuf/google/protobuf/descriptor.pb.h:19782:13: note: declared here
19782 | inline bool FieldOptions::weak() const {
      |             ^~~~~~~~~~~~
[1,319 / 1,369] Compiling src/google/protobuf/compiler/cpp/tracker.cc [for tool]; 2s processwrapper-sandbox ... (2 actions running)
INFO: From Compiling src/google/protobuf/compiler/cpp/tracker.cc [for tool]:
In file included from external/protobuf+/src/google/protobuf/compiler/cpp/tracker.cc:20:
bazel-out/aarch64-opt-exec-ST-d57f47055a04/bin/external/protobuf+/src/google/protobuf/compiler/cpp/_virtual_includes/names_internal/google/protobuf/compiler/cpp/helpers.h: In function 'bool google::protobuf::compiler::cpp::IsWeak(const google::protobuf::FieldDescriptor*, const Options&)':
bazel-out/aarch64-opt-exec-ST-d57f47055a04/bin/external/protobuf+/src/google/protobuf/compiler/cpp/_virtual_includes/names_internal/google/protobuf/compiler/cpp/helpers.h:359:28: warning: 'bool google::protobuf::FieldOptions::weak() const' is deprecated [-Wdeprecated-declarations]
  359 |   if (field->options().weak()) {
      |       ~~~~~~~~~~~~~~~~~~~~~^~
In file included from bazel-out/aarch64-opt-exec-ST-d57f47055a04/bin/external/protobuf+/src/google/protobuf/compiler/_virtual_includes/code_generator_lite/google/protobuf/compiler/code_generator_lite.h:18,
                 from bazel-out/aarch64-opt-exec-ST-d57f47055a04/bin/external/protobuf+/src/google/protobuf/compiler/_virtual_includes/code_generator/google/protobuf/compiler/code_generator.h:25,
                 from bazel-out/aarch64-opt-exec-ST-d57f47055a04/bin/external/protobuf+/src/google/protobuf/compiler/cpp/_virtual_includes/names_internal/google/protobuf/compiler/cpp/helpers.h:30:
bazel-out/aarch64-opt-exec-ST-d57f47055a04/bin/external/protobuf+/src/google/protobuf/_virtual_includes/protobuf/google/protobuf/descriptor.pb.h:19782:13: note: declared here
19782 | inline bool FieldOptions::weak() const {
      |             ^~~~~~~~~~~~
[1,320 / 1,369] Compiling src/google/protobuf/compiler/cpp/ifndef_guard.cc [for tool]; 1s processwrapper-sandbox ... (2 actions running)
[1,321 / 1,369] Compiling src/google/protobuf/compiler/cpp/service.cc [for tool]; 1s processwrapper-sandbox ... (2 actions running)
INFO: From Compiling src/google/protobuf/compiler/cpp/service.cc [for tool]:
In file included from external/protobuf+/src/google/protobuf/compiler/cpp/service.cc:17:
bazel-out/aarch64-opt-exec-ST-d57f47055a04/bin/external/protobuf+/src/google/protobuf/compiler/cpp/_virtual_includes/names_internal/google/protobuf/compiler/cpp/helpers.h: In function 'bool google::protobuf::compiler::cpp::IsWeak(const google::protobuf::FieldDescriptor*, const Options&)':
bazel-out/aarch64-opt-exec-ST-d57f47055a04/bin/external/protobuf+/src/google/protobuf/compiler/cpp/_virtual_includes/names_internal/google/protobuf/compiler/cpp/helpers.h:359:28: warning: 'bool google::protobuf::FieldOptions::weak() const' is deprecated [-Wdeprecated-declarations]
  359 |   if (field->options().weak()) {
      |       ~~~~~~~~~~~~~~~~~~~~~^~
In file included from bazel-out/aarch64-opt-exec-ST-d57f47055a04/bin/external/protobuf+/src/google/protobuf/compiler/_virtual_includes/code_generator_lite/google/protobuf/compiler/code_generator_lite.h:18,
                 from bazel-out/aarch64-opt-exec-ST-d57f47055a04/bin/external/protobuf+/src/google/protobuf/compiler/_virtual_includes/code_generator/google/protobuf/compiler/code_generator.h:25,
                 from bazel-out/aarch64-opt-exec-ST-d57f47055a04/bin/external/protobuf+/src/google/protobuf/compiler/cpp/_virtual_includes/names_internal/google/protobuf/compiler/cpp/helpers.h:30:
bazel-out/aarch64-opt-exec-ST-d57f47055a04/bin/external/protobuf+/src/google/protobuf/_virtual_includes/protobuf/google/protobuf/descriptor.pb.h:19782:13: note: declared here
19782 | inline bool FieldOptions::weak() const {
      |             ^~~~~~~~~~~~
[1,322 / 1,369] Compiling src/google/protobuf/compiler/cpp/message.cc [for tool]; 2s processwrapper-sandbox ... (2 actions, 1 running)
[1,322 / 1,369] Compiling src/google/protobuf/compiler/cpp/message.cc [for tool]; 3s processwrapper-sandbox ... (2 actions running)
INFO: From Compiling src/google/protobuf/compiler/cpp/parse_function_generator.cc [for tool]:
In file included from bazel-out/aarch64-opt-exec-ST-d57f47055a04/bin/external/protobuf+/src/google/protobuf/compiler/cpp/_virtual_includes/cpp/google/protobuf/compiler/cpp/parse_function_generator.h:18,
                 from external/protobuf+/src/google/protobuf/compiler/cpp/parse_function_generator.cc:8:
bazel-out/aarch64-opt-exec-ST-d57f47055a04/bin/external/protobuf+/src/google/protobuf/compiler/cpp/_virtual_includes/names_internal/google/protobuf/compiler/cpp/helpers.h: In function 'bool google::protobuf::compiler::cpp::IsWeak(const google::protobuf::FieldDescriptor*, const Options&)':
bazel-out/aarch64-opt-exec-ST-d57f47055a04/bin/external/protobuf+/src/google/protobuf/compiler/cpp/_virtual_includes/names_internal/google/protobuf/compiler/cpp/helpers.h:359:28: warning: 'bool google::protobuf::FieldOptions::weak() const' is deprecated [-Wdeprecated-declarations]
  359 |   if (field->options().weak()) {
      |       ~~~~~~~~~~~~~~~~~~~~~^~
In file included from bazel-out/aarch64-opt-exec-ST-d57f47055a04/bin/external/protobuf+/src/google/protobuf/compiler/_virtual_includes/code_generator_lite/google/protobuf/compiler/code_generator_lite.h:18,
                 from bazel-out/aarch64-opt-exec-ST-d57f47055a04/bin/external/protobuf+/src/google/protobuf/compiler/_virtual_includes/code_generator/google/protobuf/compiler/code_generator.h:25,
                 from bazel-out/aarch64-opt-exec-ST-d57f47055a04/bin/external/protobuf+/src/google/protobuf/compiler/cpp/_virtual_includes/names_internal/google/protobuf/compiler/cpp/helpers.h:30:
bazel-out/aarch64-opt-exec-ST-d57f47055a04/bin/external/protobuf+/src/google/protobuf/_virtual_includes/protobuf/google/protobuf/descriptor.pb.h:19782:13: note: declared here
19782 | inline bool FieldOptions::weak() const {
      |             ^~~~~~~~~~~~
[1,323 / 1,369] Compiling src/google/protobuf/compiler/cpp/message.cc [for tool]; 6s processwrapper-sandbox ... (2 actions, 1 running)
[1,324 / 1,369] Compiling src/google/protobuf/compiler/cpp/message.cc [for tool]; 7s processwrapper-sandbox ... (2 actions, 1 running)
[1,324 / 1,369] Compiling src/google/protobuf/compiler/cpp/message.cc [for tool]; 8s processwrapper-sandbox ... (2 actions running)
INFO: From Compiling src/google/protobuf/compiler/cpp/message_layout_helper.cc [for tool]:
In file included from bazel-out/aarch64-opt-exec-ST-d57f47055a04/bin/external/protobuf+/src/google/protobuf/compiler/cpp/_virtual_includes/cpp/google/protobuf/compiler/cpp/message_layout_helper.h:20,
                 from external/protobuf+/src/google/protobuf/compiler/cpp/message_layout_helper.cc:1:
bazel-out/aarch64-opt-exec-ST-d57f47055a04/bin/external/protobuf+/src/google/protobuf/compiler/cpp/_virtual_includes/names_internal/google/protobuf/compiler/cpp/helpers.h: In function 'bool google::protobuf::compiler::cpp::IsWeak(const google::protobuf::FieldDescriptor*, const Options&)':
bazel-out/aarch64-opt-exec-ST-d57f47055a04/bin/external/protobuf+/src/google/protobuf/compiler/cpp/_virtual_includes/names_internal/google/protobuf/compiler/cpp/helpers.h:359:28: warning: 'bool google::protobuf::FieldOptions::weak() const' is deprecated [-Wdeprecated-declarations]
  359 |   if (field->options().weak()) {
      |       ~~~~~~~~~~~~~~~~~~~~~^~
In file included from bazel-out/aarch64-opt-exec-ST-d57f47055a04/bin/external/protobuf+/src/google/protobuf/compiler/_virtual_includes/code_generator_lite/google/protobuf/compiler/code_generator_lite.h:18,
                 from bazel-out/aarch64-opt-exec-ST-d57f47055a04/bin/external/protobuf+/src/google/protobuf/compiler/_virtual_includes/code_generator/google/protobuf/compiler/code_generator.h:25,
                 from bazel-out/aarch64-opt-exec-ST-d57f47055a04/bin/external/protobuf+/src/google/protobuf/compiler/cpp/_virtual_includes/names_internal/google/protobuf/compiler/cpp/helpers.h:30:
bazel-out/aarch64-opt-exec-ST-d57f47055a04/bin/external/protobuf+/src/google/protobuf/_virtual_includes/protobuf/google/protobuf/descriptor.pb.h:19782:13: note: declared here
19782 | inline bool FieldOptions::weak() const {
      |             ^~~~~~~~~~~~
[1,325 / 1,369] Compiling src/google/protobuf/compiler/cpp/message.cc [for tool]; 10s processwrapper-sandbox
INFO: From Compiling src/google/protobuf/compiler/cpp/message.cc [for tool]:
In file included from bazel-out/aarch64-opt-exec-ST-d57f47055a04/bin/external/protobuf+/src/google/protobuf/compiler/cpp/_virtual_includes/cpp/google/protobuf/compiler/cpp/extension.h:19,
                 from bazel-out/aarch64-opt-exec-ST-d57f47055a04/bin/external/protobuf+/src/google/protobuf/compiler/cpp/_virtual_includes/cpp/google/protobuf/compiler/cpp/message.h:25,
                 from external/protobuf+/src/google/protobuf/compiler/cpp/message.cc:12:
bazel-out/aarch64-opt-exec-ST-d57f47055a04/bin/external/protobuf+/src/google/protobuf/compiler/cpp/_virtual_includes/names_internal/google/protobuf/compiler/cpp/helpers.h: In function 'bool google::protobuf::compiler::cpp::IsWeak(const google::protobuf::FieldDescriptor*, const Options&)':
bazel-out/aarch64-opt-exec-ST-d57f47055a04/bin/external/protobuf+/src/google/protobuf/compiler/cpp/_virtual_includes/names_internal/google/protobuf/compiler/cpp/helpers.h:359:28: warning: 'bool google::protobuf::FieldOptions::weak() const' is deprecated [-Wdeprecated-declarations]
  359 |   if (field->options().weak()) {
      |       ~~~~~~~~~~~~~~~~~~~~~^~
In file included from bazel-out/aarch64-opt-exec-ST-d57f47055a04/bin/external/protobuf+/src/google/protobuf/compiler/_virtual_includes/code_generator_lite/google/protobuf/compiler/code_generator_lite.h:18,
                 from bazel-out/aarch64-opt-exec-ST-d57f47055a04/bin/external/protobuf+/src/google/protobuf/compiler/_virtual_includes/code_generator/google/protobuf/compiler/code_generator.h:25,
                 from bazel-out/aarch64-opt-exec-ST-d57f47055a04/bin/external/protobuf+/src/google/protobuf/compiler/cpp/_virtual_includes/names_internal/google/protobuf/compiler/cpp/helpers.h:30:
bazel-out/aarch64-opt-exec-ST-d57f47055a04/bin/external/protobuf+/src/google/protobuf/_virtual_includes/protobuf/google/protobuf/descriptor.pb.h:19782:13: note: declared here
19782 | inline bool FieldOptions::weak() const {
      |             ^~~~~~~~~~~~
external/protobuf+/src/google/protobuf/compiler/cpp/message.cc: In function 'void google::protobuf::compiler::cpp::{anonymous}::PrintPresenceCheck(const google::protobuf::FieldDescriptor*, const std::vector<int>&, google::protobuf::io::Printer*, int*, const google::protobuf::compiler::cpp::Options&)':
external/protobuf+/src/google/protobuf/compiler/cpp/message.cc:172:29: warning: 'bool google::protobuf::FieldOptions::weak() const' is deprecated [-Wdeprecated-declarations]
  172 |   if (!field->options().weak()) {
      |        ~~~~~~~~~~~~~~~~~~~~~^~
bazel-out/aarch64-opt-exec-ST-d57f47055a04/bin/external/protobuf+/src/google/protobuf/_virtual_includes/protobuf/google/protobuf/descriptor.pb.h:19782:13: note: declared here
19782 | inline bool FieldOptions::weak() const {
      |             ^~~~~~~~~~~~
external/protobuf+/src/google/protobuf/compiler/cpp/message.cc: In member function 'void google::protobuf::compiler::cpp::MessageGenerator::GenerateFieldAccessorDeclarations(google::protobuf::io::Printer*)':
external/protobuf+/src/google/protobuf/compiler/cpp/message.cc:757:66: warning: 'bool google::protobuf::FieldOptions::weak() const' is deprecated [-Wdeprecated-declarations]
  757 |     if (!field->real_containing_oneof() && !field->options().weak()) {
      |                                             ~~~~~~~~~~~~~~~~~~~~~^~
bazel-out/aarch64-opt-exec-ST-d57f47055a04/bin/external/protobuf+/src/google/protobuf/_virtual_includes/protobuf/google/protobuf/descriptor.pb.h:19782:13: note: declared here
19782 | inline bool FieldOptions::weak() const {
      |             ^~~~~~~~~~~~
external/protobuf+/src/google/protobuf/compiler/cpp/message.cc: In member function 'void google::protobuf::compiler::cpp::MessageGenerator::GenerateSingularFieldHasBits(const google::protobuf::FieldDescriptor*, google::protobuf::io::Printer*)':
external/protobuf+/src/google/protobuf/compiler/cpp/message.cc:1129:28: warning: 'bool google::protobuf::FieldOptions::weak() const' is deprecated [-Wdeprecated-declarations]
 1129 |   if (field->options().weak()) {
      |       ~~~~~~~~~~~~~~~~~~~~~^~
bazel-out/aarch64-opt-exec-ST-d57f47055a04/bin/external/protobuf+/src/google/protobuf/_virtual_includes/protobuf/google/protobuf/descriptor.pb.h:19782:13: note: declared here
19782 | inline bool FieldOptions::weak() const {
      |             ^~~~~~~~~~~~
external/protobuf+/src/google/protobuf/compiler/cpp/message.cc: In member function 'void google::protobuf::compiler::cpp::MessageGenerator::EmitCheckAndUpdateByteSizeForField(const google::protobuf::FieldDescriptor*, google::protobuf::io::Printer*) const':
external/protobuf+/src/google/protobuf/compiler/cpp/message.cc:1344:28: warning: 'bool google::protobuf::FieldOptions::weak() const' is deprecated [-Wdeprecated-declarations]
 1344 |   if (field->options().weak()) {
      |       ~~~~~~~~~~~~~~~~~~~~~^~
bazel-out/aarch64-opt-exec-ST-d57f47055a04/bin/external/protobuf+/src/google/protobuf/_virtual_includes/protobuf/google/protobuf/descriptor.pb.h:19782:13: note: declared here
19782 | inline bool FieldOptions::weak() const {
      |             ^~~~~~~~~~~~
external/protobuf+/src/google/protobuf/compiler/cpp/message.cc: In member function 'void google::protobuf::compiler::cpp::MessageGenerator::MaybeEmitUpdateCachedHasbits(const google::protobuf::FieldDescriptor*, google::protobuf::io::Printer*, int&) const':
external/protobuf+/src/google/protobuf/compiler/cpp/message.cc:1377:59: warning: 'bool google::protobuf::FieldOptions::weak() const' is deprecated [-Wdeprecated-declarations]
 1377 |   if (!HasHasbit(field, options_) || field->options().weak()) return;
      |                                      ~~~~~~~~~~~~~~~~~~~~~^~
bazel-out/aarch64-opt-exec-ST-d57f47055a04/bin/external/protobuf+/src/google/protobuf/_virtual_includes/protobuf/google/protobuf/descriptor.pb.h:19782:13: note: declared here
19782 | inline bool FieldOptions::weak() const {
      |             ^~~~~~~~~~~~
external/protobuf+/src/google/protobuf/compiler/cpp/message.cc: In lambda function:
external/protobuf+/src/google/protobuf/compiler/cpp/message.cc:2114:64: warning: 'bool google::protobuf::FieldOptions::weak() const' is deprecated [-Wdeprecated-declarations]
 2114 |             if (!field->is_repeated() && !field->options().weak() &&
      |                                           ~~~~~~~~~~~~~~~~~~~~~^~
bazel-out/aarch64-opt-exec-ST-d57f47055a04/bin/external/protobuf+/src/google/protobuf/_virtual_includes/protobuf/google/protobuf/descriptor.pb.h:19782:13: note: declared here
19782 | inline bool FieldOptions::weak() const {
      |             ^~~~~~~~~~~~
external/protobuf+/src/google/protobuf/compiler/cpp/message.cc: In member function 'size_t google::protobuf::compiler::cpp::MessageGenerator::GenerateOffsets(google::protobuf::io::Printer*)':
external/protobuf+/src/google/protobuf/compiler/cpp/message.cc:2595:30: warning: 'bool google::protobuf::FieldOptions::weak() const' is deprecated [-Wdeprecated-declarations]
 2595 |     if (field->options().weak()) {
      |         ~~~~~~~~~~~~~~~~~~~~~^~
bazel-out/aarch64-opt-exec-ST-d57f47055a04/bin/external/protobuf+/src/google/protobuf/_virtual_includes/protobuf/google/protobuf/descriptor.pb.h:19782:13: note: declared here
19782 | inline bool FieldOptions::weak() const {
      |             ^~~~~~~~~~~~
external/protobuf+/src/google/protobuf/compiler/cpp/message.cc: In lambda function:
external/protobuf+/src/google/protobuf/compiler/cpp/message.cc:4188:39: warning: 'bool google::protobuf::FieldOptions::weak() const' is deprecated [-Wdeprecated-declarations]
 4188 |       } else if (field->options().weak() ||
      |                  ~~~~~~~~~~~~~~~~~~~~~^~
bazel-out/aarch64-opt-exec-ST-d57f47055a04/bin/external/protobuf+/src/google/protobuf/_virtual_includes/protobuf/google/protobuf/descriptor.pb.h:19782:13: note: declared here
19782 | inline bool FieldOptions::weak() const {
      |             ^~~~~~~~~~~~
external/protobuf+/src/google/protobuf/compiler/cpp/message.cc: In member function 'void google::protobuf::compiler::cpp::MessageGenerator::GenerateSerializeOneField(google::protobuf::io::Printer*, const google::protobuf::FieldDescriptor*, int)':
external/protobuf+/src/google/protobuf/compiler/cpp/message.cc:4528:28: warning: 'bool google::protobuf::FieldOptions::weak() const' is deprecated [-Wdeprecated-declarations]
 4528 |   if (field->options().weak()) {
      |       ~~~~~~~~~~~~~~~~~~~~~^~
bazel-out/aarch64-opt-exec-ST-d57f47055a04/bin/external/protobuf+/src/google/protobuf/_virtual_includes/protobuf/google/protobuf/descriptor.pb.h:19782:13: note: declared here
19782 | inline bool FieldOptions::weak() const {
      |             ^~~~~~~~~~~~
external/protobuf+/src/google/protobuf/compiler/cpp/message.cc: In lambda function:
external/protobuf+/src/google/protobuf/compiler/cpp/message.cc:4834:43: warning: 'bool google::protobuf::FieldOptions::weak() const' is deprecated [-Wdeprecated-declarations]
 4834 |                  if (field->options().weak()) {
      |                      ~~~~~~~~~~~~~~~~~~~~~^~
bazel-out/aarch64-opt-exec-ST-d57f47055a04/bin/external/protobuf+/src/google/protobuf/_virtual_includes/protobuf/google/protobuf/descriptor.pb.h:19782:13: note: declared here
19782 | inline bool FieldOptions::weak() const {
      |             ^~~~~~~~~~~~
[1,331 / 1,369] Compiling core/certificate.pb.cc; 0s processwrapper-sandbox ... (2 actions running)
[1,332 / 1,369] Compiling core/certificate.pb.cc; 2s processwrapper-sandbox ... (2 actions, 1 running)
[1,339 / 1,369] Compiling external/protobuf+/src/google/protobuf/_virtual_imports/source_context_proto/google/protobuf/source_context.pb.cc; 1s processwrapper-sandbox ... (2 actions running)
[1,345 / 1,369] Compiling external/protobuf+/src/google/protobuf/_virtual_imports/any_proto/google/protobuf/any.pb.cc; 1s processwrapper-sandbox ... (2 actions running)
[1,348 / 1,369] Compiling external/protobuf+/src/google/protobuf/_virtual_imports/struct_proto/google/protobuf/struct.pb.cc; 2s processwrapper-sandbox ... (2 actions running)
[1,351 / 1,369] Compiling external/protobuf+/src/google/protobuf/_virtual_imports/api_proto/google/protobuf/api.pb.cc; 1s processwrapper-sandbox ... (2 actions running)
[1,353 / 1,369] Compiling src/google/protobuf/json/internal/parser.cc; 0s processwrapper-sandbox ... (2 actions, 1 running)
[1,353 / 1,369] Compiling src/google/protobuf/json/internal/parser.cc; 2s processwrapper-sandbox ... (2 actions running)
[1,356 / 1,369] Compiling src/google/protobuf/json/internal/parser.cc; 3s processwrapper-sandbox ... (2 actions running)
[1,357 / 1,369] Compiling external/protobuf+/src/google/protobuf/_virtual_imports/duration_proto/google/protobuf/duration.pb.cc; 1s processwrapper-sandbox ... (2 actions running)
[1,360 / 1,369] Compiling src/google/protobuf/json/json.cc; 1s processwrapper-sandbox ... (2 actions running)
[1,361 / 1,369] Compiling verifier/verifier_main.cc; 1s processwrapper-sandbox ... (2 actions running)
INFO: From Compiling verifier/verifier_main.cc:
In file included from verifier/verifier_main.cc:21:
./problems/chosen_problem.h:17:1: warning: multi-line comment [-Wcomment]
   17 | //   bazel build //verifier:verifier_main \
      | ^
./problems/chosen_problem.h:20:1: warning: multi-line comment [-Wcomment]
   20 | //   bazel build //search:rank_lower_bound_main \
      | ^
[1,362 / 1,369] Compiling src/google/protobuf/json/internal/unparser.cc; 3s processwrapper-sandbox ... (2 actions, 1 running)
[1,363 / 1,369] Compiling src/google/protobuf/util/time_util.cc; 1s processwrapper-sandbox ... (2 actions running)
[1,365 / 1,369] Compiling external/protobuf+/src/google/protobuf/_virtual_imports/timestamp_proto/google/protobuf/timestamp.pb.cc; 1s processwrapper-sandbox ... (2 actions, 1 running)
[1,366 / 1,369] Compiling src/google/protobuf/util/type_resolver_util.cc; 1s processwrapper-sandbox ... (2 actions running)
[1,368 / 1,369] [Prepa] Linking verifier/verifier_main
[1,368 / 1,369] Linking verifier/verifier_main; 1s processwrapper-sandbox
[1,368 / 1,369] Linking verifier/verifier_main; 10s processwrapper-sandbox
INFO: From Linking verifier/verifier_main:
lto-wrapper: warning: using serial compilation of 46 LTRANS jobs
lto-wrapper: note: see the '-flto' option documentation for more information
In function 'swap',
    inlined from 'iter_swap' at /usr/include/c++/13/bits/stl_algobase.h:185:11,
    inlined from 'swap_ranges' at /usr/include/c++/13/bits/stl_algobase.h:215:16,
    inlined from 'memswap' at bazel-out/aarch64-opt/bin/external/protobuf+/src/google/protobuf/_virtual_includes/protobuf_lite/google/protobuf/repeated_ptr_field.h:96:19,
    inlined from 'swap' at bazel-out/aarch64-opt/bin/external/protobuf+/src/google/protobuf/_virtual_includes/protobuf_lite/google/protobuf/repeated_field.h:234:64,
    inlined from 'InternalSwap' at bazel-out/aarch64-opt/bin/external/protobuf+/src/google/protobuf/_virtual_includes/protobuf_lite/google/protobuf/repeated_field.h:1287:16,
    inlined from 'UnsafeArenaSwap' at bazel-out/aarch64-opt/bin/external/protobuf+/src/google/protobuf/_virtual_includes/protobuf_lite/google/protobuf/repeated_field.h:1335:15,
    inlined from 'SwapFallbackWithTemp' at bazel-out/aarch64-opt/bin/external/protobuf+/src/google/protobuf/_virtual_includes/protobuf_lite/google/protobuf/repeated_field.h:1301:24,
    inlined from 'Swap' at bazel-out/aarch64-opt/bin/external/protobuf+/src/google/protobuf/_virtual_includes/protobuf_lite/google/protobuf/repeated_field.h:1318:25,
    inlined from 'Swap' at bazel-out/aarch64-opt/bin/external/protobuf+/src/google/protobuf/_virtual_includes/protobuf/google/protobuf/reflection_internal.h:209:37:
/usr/include/c++/13/bits/move.h:198:11: warning: writing 1 byte into a region of size 0 [-Wstringop-overflow=]
  198 |       __a = _GLIBCXX_MOVE(__b);
      |           ^
bazel-out/aarch64-opt/bin/external/protobuf+/src/google/protobuf/_virtual_includes/protobuf_lite/google/protobuf/repeated_field.h: In member function 'Swap':
bazel-out/aarch64-opt/bin/external/protobuf+/src/google/protobuf/_virtual_includes/protobuf_lite/google/protobuf/repeated_field.h:241:12: note: at offset 8 into destination object 'size_' of size 4
In function 'swap',
    inlined from 'iter_swap' at /usr/include/c++/13/bits/stl_algobase.h:185:11,
    inlined from 'swap_ranges' at /usr/include/c++/13/bits/stl_algobase.h:215:16,
    inlined from 'memswap' at bazel-out/aarch64-opt/bin/external/protobuf+/src/google/protobuf/_virtual_includes/protobuf_lite/google/protobuf/repeated_ptr_field.h:96:19,
    inlined from 'swap' at bazel-out/aarch64-opt/bin/external/protobuf+/src/google/protobuf/_virtual_includes/protobuf_lite/google/protobuf/repeated_field.h:234:64,
    inlined from 'InternalSwap' at bazel-out/aarch64-opt/bin/external/protobuf+/src/google/protobuf/_virtual_includes/protobuf_lite/google/protobuf/repeated_field.h:1287:16,
    inlined from 'UnsafeArenaSwap' at bazel-out/aarch64-opt/bin/external/protobuf+/src/google/protobuf/_virtual_includes/protobuf_lite/google/protobuf/repeated_field.h:1335:15,
    inlined from 'SwapFallbackWithTemp' at bazel-out/aarch64-opt/bin/external/protobuf+/src/google/protobuf/_virtual_includes/protobuf_lite/google/protobuf/repeated_field.h:1301:24,
    inlined from 'Swap' at bazel-out/aarch64-opt/bin/external/protobuf+/src/google/protobuf/_virtual_includes/protobuf_lite/google/protobuf/repeated_field.h:1318:25,
    inlined from 'Swap' at bazel-out/aarch64-opt/bin/external/protobuf+/src/google/protobuf/_virtual_includes/protobuf/google/protobuf/reflection_internal.h:209:37:
/usr/include/c++/13/bits/move.h:198:11: warning: writing 1 byte into a region of size 0 [-Wstringop-overflow=]
  198 |       __a = _GLIBCXX_MOVE(__b);
      |           ^
bazel-out/aarch64-opt/bin/external/protobuf+/src/google/protobuf/_virtual_includes/protobuf_lite/google/protobuf/repeated_field.h: In member function 'Swap':
bazel-out/aarch64-opt/bin/external/protobuf+/src/google/protobuf/_virtual_includes/protobuf_lite/google/protobuf/repeated_field.h:241:12: note: at offset 9 into destination object 'size_' of size 4
In function 'swap',
    inlined from 'iter_swap' at /usr/include/c++/13/bits/stl_algobase.h:185:11,
    inlined from 'swap_ranges' at /usr/include/c++/13/bits/stl_algobase.h:215:16,
    inlined from 'memswap' at bazel-out/aarch64-opt/bin/external/protobuf+/src/google/protobuf/_virtual_includes/protobuf_lite/google/protobuf/repeated_ptr_field.h:96:19,
    inlined from 'swap' at bazel-out/aarch64-opt/bin/external/protobuf+/src/google/protobuf/_virtual_includes/protobuf_lite/google/protobuf/repeated_field.h:234:64,
    inlined from 'InternalSwap' at bazel-out/aarch64-opt/bin/external/protobuf+/src/google/protobuf/_virtual_includes/protobuf_lite/google/protobuf/repeated_field.h:1287:16,
    inlined from 'UnsafeArenaSwap' at bazel-out/aarch64-opt/bin/external/protobuf+/src/google/protobuf/_virtual_includes/protobuf_lite/google/protobuf/repeated_field.h:1335:15,
    inlined from 'SwapFallbackWithTemp' at bazel-out/aarch64-opt/bin/external/protobuf+/src/google/protobuf/_virtual_includes/protobuf_lite/google/protobuf/repeated_field.h:1301:24,
    inlined from 'Swap' at bazel-out/aarch64-opt/bin/external/protobuf+/src/google/protobuf/_virtual_includes/protobuf_lite/google/protobuf/repeated_field.h:1318:25,
    inlined from 'Swap' at bazel-out/aarch64-opt/bin/external/protobuf+/src/google/protobuf/_virtual_includes/protobuf/google/protobuf/reflection_internal.h:209:37:
/usr/include/c++/13/bits/move.h:198:11: warning: writing 1 byte into a region of size 0 [-Wstringop-overflow=]
  198 |       __a = _GLIBCXX_MOVE(__b);
      |           ^
bazel-out/aarch64-opt/bin/external/protobuf+/src/google/protobuf/_virtual_includes/protobuf_lite/google/protobuf/repeated_field.h: In member function 'Swap':
bazel-out/aarch64-opt/bin/external/protobuf+/src/google/protobuf/_virtual_includes/protobuf_lite/google/protobuf/repeated_field.h:241:12: note: at offset 10 into destination object 'size_' of size 4
In function 'swap',
    inlined from 'iter_swap' at /usr/include/c++/13/bits/stl_algobase.h:185:11,
    inlined from 'swap_ranges' at /usr/include/c++/13/bits/stl_algobase.h:215:16,
    inlined from 'memswap' at bazel-out/aarch64-opt/bin/external/protobuf+/src/google/protobuf/_virtual_includes/protobuf_lite/google/protobuf/repeated_ptr_field.h:96:19,
    inlined from 'swap' at bazel-out/aarch64-opt/bin/external/protobuf+/src/google/protobuf/_virtual_includes/protobuf_lite/google/protobuf/repeated_field.h:234:64,
    inlined from 'InternalSwap' at bazel-out/aarch64-opt/bin/external/protobuf+/src/google/protobuf/_virtual_includes/protobuf_lite/google/protobuf/repeated_field.h:1287:16,
    inlined from 'UnsafeArenaSwap' at bazel-out/aarch64-opt/bin/external/protobuf+/src/google/protobuf/_virtual_includes/protobuf_lite/google/protobuf/repeated_field.h:1335:15,
    inlined from 'SwapFallbackWithTemp' at bazel-out/aarch64-opt/bin/external/protobuf+/src/google/protobuf/_virtual_includes/protobuf_lite/google/protobuf/repeated_field.h:1301:24,
    inlined from 'Swap' at bazel-out/aarch64-opt/bin/external/protobuf+/src/google/protobuf/_virtual_includes/protobuf_lite/google/protobuf/repeated_field.h:1318:25,
    inlined from 'Swap' at bazel-out/aarch64-opt/bin/external/protobuf+/src/google/protobuf/_virtual_includes/protobuf/google/protobuf/reflection_internal.h:209:37:
/usr/include/c++/13/bits/move.h:198:11: warning: writing 1 byte into a region of size 0 [-Wstringop-overflow=]
  198 |       __a = _GLIBCXX_MOVE(__b);
      |           ^
bazel-out/aarch64-opt/bin/external/protobuf+/src/google/protobuf/_virtual_includes/protobuf_lite/google/protobuf/repeated_field.h: In member function 'Swap':
bazel-out/aarch64-opt/bin/external/protobuf+/src/google/protobuf/_virtual_includes/protobuf_lite/google/protobuf/repeated_field.h:241:12: note: at offset 11 into destination object 'size_' of size 4
In function 'swap',
    inlined from 'iter_swap' at /usr/include/c++/13/bits/stl_algobase.h:185:11,
    inlined from 'swap_ranges' at /usr/include/c++/13/bits/stl_algobase.h:215:16,
    inlined from 'memswap' at bazel-out/aarch64-opt/bin/external/protobuf+/src/google/protobuf/_virtual_includes/protobuf_lite/google/protobuf/repeated_ptr_field.h:96:19,
    inlined from 'swap' at bazel-out/aarch64-opt/bin/external/protobuf+/src/google/protobuf/_virtual_includes/protobuf_lite/google/protobuf/repeated_field.h:234:64,
    inlined from 'InternalSwap' at bazel-out/aarch64-opt/bin/external/protobuf+/src/google/protobuf/_virtual_includes/protobuf_lite/google/protobuf/repeated_field.h:1287:16,
    inlined from 'Swap' at bazel-out/aarch64-opt/bin/external/protobuf+/src/google/protobuf/_virtual_includes/protobuf_lite/google/protobuf/repeated_field.h:1310:17,
    inlined from 'Swap' at bazel-out/aarch64-opt/bin/external/protobuf+/src/google/protobuf/_virtual_includes/protobuf/google/protobuf/reflection_internal.h:209:37:
/usr/include/c++/13/bits/move.h:198:11: warning: writing 1 byte into a region of size 0 [-Wstringop-overflow=]
  198 |       __a = _GLIBCXX_MOVE(__b);
      |           ^
bazel-out/aarch64-opt/bin/external/protobuf+/src/google/protobuf/_virtual_includes/protobuf_lite/google/protobuf/repeated_field.h: In member function 'Swap':
bazel-out/aarch64-opt/bin/external/protobuf+/src/google/protobuf/_virtual_includes/protobuf_lite/google/protobuf/repeated_field.h:241:12: note: at offset 8 into destination object 'size_' of size 4
In function 'swap',
    inlined from 'iter_swap' at /usr/include/c++/13/bits/stl_algobase.h:185:11,
    inlined from 'swap_ranges' at /usr/include/c++/13/bits/stl_algobase.h:215:16,
    inlined from 'memswap' at bazel-out/aarch64-opt/bin/external/protobuf+/src/google/protobuf/_virtual_includes/protobuf_lite/google/protobuf/repeated_ptr_field.h:96:19,
    inlined from 'swap' at bazel-out/aarch64-opt/bin/external/protobuf+/src/google/protobuf/_virtual_includes/protobuf_lite/google/protobuf/repeated_field.h:234:64,
    inlined from 'InternalSwap' at bazel-out/aarch64-opt/bin/external/protobuf+/src/google/protobuf/_virtual_includes/protobuf_lite/google/protobuf/repeated_field.h:1287:16,
    inlined from 'Swap' at bazel-out/aarch64-opt/bin/external/protobuf+/src/google/protobuf/_virtual_includes/protobuf_lite/google/protobuf/repeated_field.h:1310:17,
    inlined from 'Swap' at bazel-out/aarch64-opt/bin/external/protobuf+/src/google/protobuf/_virtual_includes/protobuf/google/protobuf/reflection_internal.h:209:37:
/usr/include/c++/13/bits/move.h:198:11: warning: writing 1 byte into a region of size 0 [-Wstringop-overflow=]
  198 |       __a = _GLIBCXX_MOVE(__b);
      |           ^
bazel-out/aarch64-opt/bin/external/protobuf+/src/google/protobuf/_virtual_includes/protobuf_lite/google/protobuf/repeated_field.h: In member function 'Swap':
bazel-out/aarch64-opt/bin/external/protobuf+/src/google/protobuf/_virtual_includes/protobuf_lite/google/protobuf/repeated_field.h:241:12: note: at offset 9 into destination object 'size_' of size 4
In function 'swap',
    inlined from 'iter_swap' at /usr/include/c++/13/bits/stl_algobase.h:185:11,
    inlined from 'swap_ranges' at /usr/include/c++/13/bits/stl_algobase.h:215:16,
    inlined from 'memswap' at bazel-out/aarch64-opt/bin/external/protobuf+/src/google/protobuf/_virtual_includes/protobuf_lite/google/protobuf/repeated_ptr_field.h:96:19,
    inlined from 'swap' at bazel-out/aarch64-opt/bin/external/protobuf+/src/google/protobuf/_virtual_includes/protobuf_lite/google/protobuf/repeated_field.h:234:64,
    inlined from 'InternalSwap' at bazel-out/aarch64-opt/bin/external/protobuf+/src/google/protobuf/_virtual_includes/protobuf_lite/google/protobuf/repeated_field.h:1287:16,
    inlined from 'Swap' at bazel-out/aarch64-opt/bin/external/protobuf+/src/google/protobuf/_virtual_includes/protobuf_lite/google/protobuf/repeated_field.h:1310:17,
    inlined from 'Swap' at bazel-out/aarch64-opt/bin/external/protobuf+/src/google/protobuf/_virtual_includes/protobuf/google/protobuf/reflection_internal.h:209:37:
/usr/include/c++/13/bits/move.h:198:11: warning: writing 1 byte into a region of size 0 [-Wstringop-overflow=]
  198 |       __a = _GLIBCXX_MOVE(__b);
      |           ^
bazel-out/aarch64-opt/bin/external/protobuf+/src/google/protobuf/_virtual_includes/protobuf_lite/google/protobuf/repeated_field.h: In member function 'Swap':
bazel-out/aarch64-opt/bin/external/protobuf+/src/google/protobuf/_virtual_includes/protobuf_lite/google/protobuf/repeated_field.h:241:12: note: at offset 10 into destination object 'size_' of size 4
In function 'swap',
    inlined from 'iter_swap' at /usr/include/c++/13/bits/stl_algobase.h:185:11,
    inlined from 'swap_ranges' at /usr/include/c++/13/bits/stl_algobase.h:215:16,
    inlined from 'memswap' at bazel-out/aarch64-opt/bin/external/protobuf+/src/google/protobuf/_virtual_includes/protobuf_lite/google/protobuf/repeated_ptr_field.h:96:19,
    inlined from 'swap' at bazel-out/aarch64-opt/bin/external/protobuf+/src/google/protobuf/_virtual_includes/protobuf_lite/google/protobuf/repeated_field.h:234:64,
    inlined from 'InternalSwap' at bazel-out/aarch64-opt/bin/external/protobuf+/src/google/protobuf/_virtual_includes/protobuf_lite/google/protobuf/repeated_field.h:1287:16,
    inlined from 'Swap' at bazel-out/aarch64-opt/bin/external/protobuf+/src/google/protobuf/_virtual_includes/protobuf_lite/google/protobuf/repeated_field.h:1310:17,
    inlined from 'Swap' at bazel-out/aarch64-opt/bin/external/protobuf+/src/google/protobuf/_virtual_includes/protobuf/google/protobuf/reflection_internal.h:209:37:
/usr/include/c++/13/bits/move.h:198:11: warning: writing 1 byte into a region of size 0 [-Wstringop-overflow=]
  198 |       __a = _GLIBCXX_MOVE(__b);
      |           ^
bazel-out/aarch64-opt/bin/external/protobuf+/src/google/protobuf/_virtual_includes/protobuf_lite/google/protobuf/repeated_field.h: In member function 'Swap':
bazel-out/aarch64-opt/bin/external/protobuf+/src/google/protobuf/_virtual_includes/protobuf_lite/google/protobuf/repeated_field.h:241:12: note: at offset 11 into destination object 'size_' of size 4
In function 'swap',
    inlined from 'iter_swap' at /usr/include/c++/13/bits/stl_algobase.h:185:11,
    inlined from 'swap_ranges' at /usr/include/c++/13/bits/stl_algobase.h:215:16,
    inlined from 'memswap' at bazel-out/aarch64-opt/bin/external/protobuf+/src/google/protobuf/_virtual_includes/protobuf_lite/google/protobuf/repeated_ptr_field.h:96:19,
    inlined from 'swap' at bazel-out/aarch64-opt/bin/external/protobuf+/src/google/protobuf/_virtual_includes/protobuf_lite/google/protobuf/repeated_field.h:234:64,
    inlined from 'InternalSwap' at bazel-out/aarch64-opt/bin/external/protobuf+/src/google/protobuf/_virtual_includes/protobuf_lite/google/protobuf/repeated_field.h:1287:16,
    inlined from 'UnsafeArenaSwap' at bazel-out/aarch64-opt/bin/external/protobuf+/src/google/protobuf/_virtual_includes/protobuf_lite/google/protobuf/repeated_field.h:1335:15,
    inlined from 'SwapFallbackWithTemp' at bazel-out/aarch64-opt/bin/external/protobuf+/src/google/protobuf/_virtual_includes/protobuf_lite/google/protobuf/repeated_field.h:1301:24,
    inlined from 'Swap' at bazel-out/aarch64-opt/bin/external/protobuf+/src/google/protobuf/_virtual_includes/protobuf_lite/google/protobuf/repeated_field.h:1318:25,
    inlined from 'Swap' at bazel-out/aarch64-opt/bin/external/protobuf+/src/google/protobuf/_virtual_includes/protobuf/google/protobuf/reflection_internal.h:209:37:
/usr/include/c++/13/bits/move.h:198:11: warning: writing 1 byte into a region of size 0 [-Wstringop-overflow=]
  198 |       __a = _GLIBCXX_MOVE(__b);
      |           ^
bazel-out/aarch64-opt/bin/external/protobuf+/src/google/protobuf/_virtual_includes/protobuf_lite/google/protobuf/repeated_field.h: In member function 'Swap':
bazel-out/aarch64-opt/bin/external/protobuf+/src/google/protobuf/_virtual_includes/protobuf_lite/google/protobuf/repeated_field.h:241:12: note: at offset 8 into destination object 'size_' of size 4
In function 'swap',
    inlined from 'iter_swap' at /usr/include/c++/13/bits/stl_algobase.h:185:11,
    inlined from 'swap_ranges' at /usr/include/c++/13/bits/stl_algobase.h:215:16,
    inlined from 'memswap' at bazel-out/aarch64-opt/bin/external/protobuf+/src/google/protobuf/_virtual_includes/protobuf_lite/google/protobuf/repeated_ptr_field.h:96:19,
    inlined from 'swap' at bazel-out/aarch64-opt/bin/external/protobuf+/src/google/protobuf/_virtual_includes/protobuf_lite/google/protobuf/repeated_field.h:234:64,
    inlined from 'InternalSwap' at bazel-out/aarch64-opt/bin/external/protobuf+/src/google/protobuf/_virtual_includes/protobuf_lite/google/protobuf/repeated_field.h:1287:16,
    inlined from 'UnsafeArenaSwap' at bazel-out/aarch64-opt/bin/external/protobuf+/src/google/protobuf/_virtual_includes/protobuf_lite/google/protobuf/repeated_field.h:1335:15,
    inlined from 'SwapFallbackWithTemp' at bazel-out/aarch64-opt/bin/external/protobuf+/src/google/protobuf/_virtual_includes/protobuf_lite/google/protobuf/repeated_field.h:1301:24,
    inlined from 'Swap' at bazel-out/aarch64-opt/bin/external/protobuf+/src/google/protobuf/_virtual_includes/protobuf_lite/google/protobuf/repeated_field.h:1318:25,
    inlined from 'Swap' at bazel-out/aarch64-opt/bin/external/protobuf+/src/google/protobuf/_virtual_includes/protobuf/google/protobuf/reflection_internal.h:209:37:
/usr/include/c++/13/bits/move.h:198:11: warning: writing 1 byte into a region of size 0 [-Wstringop-overflow=]
  198 |       __a = _GLIBCXX_MOVE(__b);
      |           ^
bazel-out/aarch64-opt/bin/external/protobuf+/src/google/protobuf/_virtual_includes/protobuf_lite/google/protobuf/repeated_field.h: In member function 'Swap':
bazel-out/aarch64-opt/bin/external/protobuf+/src/google/protobuf/_virtual_includes/protobuf_lite/google/protobuf/repeated_field.h:241:12: note: at offset 9 into destination object 'size_' of size 4
In function 'swap',
    inlined from 'iter_swap' at /usr/include/c++/13/bits/stl_algobase.h:185:11,
    inlined from 'swap_ranges' at /usr/include/c++/13/bits/stl_algobase.h:215:16,
    inlined from 'memswap' at bazel-out/aarch64-opt/bin/external/protobuf+/src/google/protobuf/_virtual_includes/protobuf_lite/google/protobuf/repeated_ptr_field.h:96:19,
    inlined from 'swap' at bazel-out/aarch64-opt/bin/external/protobuf+/src/google/protobuf/_virtual_includes/protobuf_lite/google/protobuf/repeated_field.h:234:64,
    inlined from 'InternalSwap' at bazel-out/aarch64-opt/bin/external/protobuf+/src/google/protobuf/_virtual_includes/protobuf_lite/google/protobuf/repeated_field.h:1287:16,
    inlined from 'UnsafeArenaSwap' at bazel-out/aarch64-opt/bin/external/protobuf+/src/google/protobuf/_virtual_includes/protobuf_lite/google/protobuf/repeated_field.h:1335:15,
    inlined from 'SwapFallbackWithTemp' at bazel-out/aarch64-opt/bin/external/protobuf+/src/google/protobuf/_virtual_includes/protobuf_lite/google/protobuf/repeated_field.h:1301:24,
    inlined from 'Swap' at bazel-out/aarch64-opt/bin/external/protobuf+/src/google/protobuf/_virtual_includes/protobuf_lite/google/protobuf/repeated_field.h:1318:25,
    inlined from 'Swap' at bazel-out/aarch64-opt/bin/external/protobuf+/src/google/protobuf/_virtual_includes/protobuf/google/protobuf/reflection_internal.h:209:37:
/usr/include/c++/13/bits/move.h:198:11: warning: writing 1 byte into a region of size 0 [-Wstringop-overflow=]
  198 |       __a = _GLIBCXX_MOVE(__b);
      |           ^
bazel-out/aarch64-opt/bin/external/protobuf+/src/google/protobuf/_virtual_includes/protobuf_lite/google/protobuf/repeated_field.h: In member function 'Swap':
bazel-out/aarch64-opt/bin/external/protobuf+/src/google/protobuf/_virtual_includes/protobuf_lite/google/protobuf/repeated_field.h:241:12: note: at offset 10 into destination object 'size_' of size 4
In function 'swap',
    inlined from 'iter_swap' at /usr/include/c++/13/bits/stl_algobase.h:185:11,
    inlined from 'swap_ranges' at /usr/include/c++/13/bits/stl_algobase.h:215:16,
    inlined from 'memswap' at bazel-out/aarch64-opt/bin/external/protobuf+/src/google/protobuf/_virtual_includes/protobuf_lite/google/protobuf/repeated_ptr_field.h:96:19,
    inlined from 'swap' at bazel-out/aarch64-opt/bin/external/protobuf+/src/google/protobuf/_virtual_includes/protobuf_lite/google/protobuf/repeated_field.h:234:64,
    inlined from 'InternalSwap' at bazel-out/aarch64-opt/bin/external/protobuf+/src/google/protobuf/_virtual_includes/protobuf_lite/google/protobuf/repeated_field.h:1287:16,
    inlined from 'UnsafeArenaSwap' at bazel-out/aarch64-opt/bin/external/protobuf+/src/google/protobuf/_virtual_includes/protobuf_lite/google/protobuf/repeated_field.h:1335:15,
    inlined from 'SwapFallbackWithTemp' at bazel-out/aarch64-opt/bin/external/protobuf+/src/google/protobuf/_virtual_includes/protobuf_lite/google/protobuf/repeated_field.h:1301:24,
    inlined from 'Swap' at bazel-out/aarch64-opt/bin/external/protobuf+/src/google/protobuf/_virtual_includes/protobuf_lite/google/protobuf/repeated_field.h:1318:25,
    inlined from 'Swap' at bazel-out/aarch64-opt/bin/external/protobuf+/src/google/protobuf/_virtual_includes/protobuf/google/protobuf/reflection_internal.h:209:37:
/usr/include/c++/13/bits/move.h:198:11: warning: writing 1 byte into a region of size 0 [-Wstringop-overflow=]
  198 |       __a = _GLIBCXX_MOVE(__b);
      |           ^
bazel-out/aarch64-opt/bin/external/protobuf+/src/google/protobuf/_virtual_includes/protobuf_lite/google/protobuf/repeated_field.h: In member function 'Swap':
bazel-out/aarch64-opt/bin/external/protobuf+/src/google/protobuf/_virtual_includes/protobuf_lite/google/protobuf/repeated_field.h:241:12: note: at offset 11 into destination object 'size_' of size 4
In function 'swap',
    inlined from 'iter_swap' at /usr/include/c++/13/bits/stl_algobase.h:185:11,
    inlined from 'swap_ranges' at /usr/include/c++/13/bits/stl_algobase.h:215:16,
    inlined from 'memswap' at bazel-out/aarch64-opt/bin/external/protobuf+/src/google/protobuf/_virtual_includes/protobuf_lite/google/protobuf/repeated_ptr_field.h:96:19,
    inlined from 'swap' at bazel-out/aarch64-opt/bin/external/protobuf+/src/google/protobuf/_virtual_includes/protobuf_lite/google/protobuf/repeated_field.h:234:64,
    inlined from 'InternalSwap' at bazel-out/aarch64-opt/bin/external/protobuf+/src/google/protobuf/_virtual_includes/protobuf_lite/google/protobuf/repeated_field.h:1287:16,
    inlined from 'Swap' at bazel-out/aarch64-opt/bin/external/protobuf+/src/google/protobuf/_virtual_includes/protobuf_lite/google/protobuf/repeated_field.h:1310:17,
    inlined from 'Swap' at bazel-out/aarch64-opt/bin/external/protobuf+/src/google/protobuf/_virtual_includes/protobuf/google/protobuf/reflection_internal.h:209:37:
/usr/include/c++/13/bits/move.h:198:11: warning: writing 1 byte into a region of size 0 [-Wstringop-overflow=]
  198 |       __a = _GLIBCXX_MOVE(__b);
      |           ^
bazel-out/aarch64-opt/bin/external/protobuf+/src/google/protobuf/_virtual_includes/protobuf_lite/google/protobuf/repeated_field.h: In member function 'Swap':
bazel-out/aarch64-opt/bin/external/protobuf+/src/google/protobuf/_virtual_includes/protobuf_lite/google/protobuf/repeated_field.h:241:12: note: at offset 8 into destination object 'size_' of size 4
In function 'swap',
    inlined from 'iter_swap' at /usr/include/c++/13/bits/stl_algobase.h:185:11,
    inlined from 'swap_ranges' at /usr/include/c++/13/bits/stl_algobase.h:215:16,
    inlined from 'memswap' at bazel-out/aarch64-opt/bin/external/protobuf+/src/google/protobuf/_virtual_includes/protobuf_lite/google/protobuf/repeated_ptr_field.h:96:19,
    inlined from 'swap' at bazel-out/aarch64-opt/bin/external/protobuf+/src/google/protobuf/_virtual_includes/protobuf_lite/google/protobuf/repeated_field.h:234:64,
    inlined from 'InternalSwap' at bazel-out/aarch64-opt/bin/external/protobuf+/src/google/protobuf/_virtual_includes/protobuf_lite/google/protobuf/repeated_field.h:1287:16,
    inlined from 'Swap' at bazel-out/aarch64-opt/bin/external/protobuf+/src/google/protobuf/_virtual_includes/protobuf_lite/google/protobuf/repeated_field.h:1310:17,
    inlined from 'Swap' at bazel-out/aarch64-opt/bin/external/protobuf+/src/google/protobuf/_virtual_includes/protobuf/google/protobuf/reflection_internal.h:209:37:
/usr/include/c++/13/bits/move.h:198:11: warning: writing 1 byte into a region of size 0 [-Wstringop-overflow=]
  198 |       __a = _GLIBCXX_MOVE(__b);
      |           ^
bazel-out/aarch64-opt/bin/external/protobuf+/src/google/protobuf/_virtual_includes/protobuf_lite/google/protobuf/repeated_field.h: In member function 'Swap':
bazel-out/aarch64-opt/bin/external/protobuf+/src/google/protobuf/_virtual_includes/protobuf_lite/google/protobuf/repeated_field.h:241:12: note: at offset 9 into destination object 'size_' of size 4
In function 'swap',
    inlined from 'iter_swap' at /usr/include/c++/13/bits/stl_algobase.h:185:11,
    inlined from 'swap_ranges' at /usr/include/c++/13/bits/stl_algobase.h:215:16,
    inlined from 'memswap' at bazel-out/aarch64-opt/bin/external/protobuf+/src/google/protobuf/_virtual_includes/protobuf_lite/google/protobuf/repeated_ptr_field.h:96:19,
    inlined from 'swap' at bazel-out/aarch64-opt/bin/external/protobuf+/src/google/protobuf/_virtual_includes/protobuf_lite/google/protobuf/repeated_field.h:234:64,
    inlined from 'InternalSwap' at bazel-out/aarch64-opt/bin/external/protobuf+/src/google/protobuf/_virtual_includes/protobuf_lite/google/protobuf/repeated_field.h:1287:16,
    inlined from 'Swap' at bazel-out/aarch64-opt/bin/external/protobuf+/src/google/protobuf/_virtual_includes/protobuf_lite/google/protobuf/repeated_field.h:1310:17,
    inlined from 'Swap' at bazel-out/aarch64-opt/bin/external/protobuf+/src/google/protobuf/_virtual_includes/protobuf/google/protobuf/reflection_internal.h:209:37:
/usr/include/c++/13/bits/move.h:198:11: warning: writing 1 byte into a region of size 0 [-Wstringop-overflow=]
  198 |       __a = _GLIBCXX_MOVE(__b);
      |           ^
bazel-out/aarch64-opt/bin/external/protobuf+/src/google/protobuf/_virtual_includes/protobuf_lite/google/protobuf/repeated_field.h: In member function 'Swap':
bazel-out/aarch64-opt/bin/external/protobuf+/src/google/protobuf/_virtual_includes/protobuf_lite/google/protobuf/repeated_field.h:241:12: note: at offset 10 into destination object 'size_' of size 4
In function 'swap',
    inlined from 'iter_swap' at /usr/include/c++/13/bits/stl_algobase.h:185:11,
    inlined from 'swap_ranges' at /usr/include/c++/13/bits/stl_algobase.h:215:16,
    inlined from 'memswap' at bazel-out/aarch64-opt/bin/external/protobuf+/src/google/protobuf/_virtual_includes/protobuf_lite/google/protobuf/repeated_ptr_field.h:96:19,
    inlined from 'swap' at bazel-out/aarch64-opt/bin/external/protobuf+/src/google/protobuf/_virtual_includes/protobuf_lite/google/protobuf/repeated_field.h:234:64,
    inlined from 'InternalSwap' at bazel-out/aarch64-opt/bin/external/protobuf+/src/google/protobuf/_virtual_includes/protobuf_lite/google/protobuf/repeated_field.h:1287:16,
    inlined from 'Swap' at bazel-out/aarch64-opt/bin/external/protobuf+/src/google/protobuf/_virtual_includes/protobuf_lite/google/protobuf/repeated_field.h:1310:17,
    inlined from 'Swap' at bazel-out/aarch64-opt/bin/external/protobuf+/src/google/protobuf/_virtual_includes/protobuf/google/protobuf/reflection_internal.h:209:37:
/usr/include/c++/13/bits/move.h:198:11: warning: writing 1 byte into a region of size 0 [-Wstringop-overflow=]
  198 |       __a = _GLIBCXX_MOVE(__b);
      |           ^
bazel-out/aarch64-opt/bin/external/protobuf+/src/google/protobuf/_virtual_includes/protobuf_lite/google/protobuf/repeated_field.h: In member function 'Swap':
bazel-out/aarch64-opt/bin/external/protobuf+/src/google/protobuf/_virtual_includes/protobuf_lite/google/protobuf/repeated_field.h:241:12: note: at offset 11 into destination object 'size_' of size 4
In function 'swap',
    inlined from 'iter_swap' at /usr/include/c++/13/bits/stl_algobase.h:185:11,
    inlined from 'swap_ranges' at /usr/include/c++/13/bits/stl_algobase.h:215:16,
    inlined from 'memswap' at bazel-out/aarch64-opt/bin/external/protobuf+/src/google/protobuf/_virtual_includes/protobuf_lite/google/protobuf/repeated_ptr_field.h:96:19,
    inlined from 'swap' at bazel-out/aarch64-opt/bin/external/protobuf+/src/google/protobuf/_virtual_includes/protobuf_lite/google/protobuf/repeated_field.h:234:64,
    inlined from 'InternalSwap' at bazel-out/aarch64-opt/bin/external/protobuf+/src/google/protobuf/_virtual_includes/protobuf_lite/google/protobuf/repeated_field.h:1287:16,
    inlined from 'UnsafeArenaSwap' at bazel-out/aarch64-opt/bin/external/protobuf+/src/google/protobuf/_virtual_includes/protobuf_lite/google/protobuf/repeated_field.h:1335:15,
    inlined from 'SwapFallbackWithTemp' at bazel-out/aarch64-opt/bin/external/protobuf+/src/google/protobuf/_virtual_includes/protobuf_lite/google/protobuf/repeated_field.h:1301:24,
    inlined from 'Swap' at bazel-out/aarch64-opt/bin/external/protobuf+/src/google/protobuf/_virtual_includes/protobuf_lite/google/protobuf/repeated_field.h:1318:25,
    inlined from 'Swap' at bazel-out/aarch64-opt/bin/external/protobuf+/src/google/protobuf/_virtual_includes/protobuf/google/protobuf/reflection_internal.h:209:37:
/usr/include/c++/13/bits/move.h:198:11: warning: writing 1 byte into a region of size 0 [-Wstringop-overflow=]
  198 |       __a = _GLIBCXX_MOVE(__b);
      |           ^
bazel-out/aarch64-opt/bin/external/protobuf+/src/google/protobuf/_virtual_includes/protobuf_lite/google/protobuf/repeated_field.h: In member function 'Swap':
bazel-out/aarch64-opt/bin/external/protobuf+/src/google/protobuf/_virtual_includes/protobuf_lite/google/protobuf/repeated_field.h:241:12: note: at offset 8 into destination object 'size_' of size 4
In function 'swap',
    inlined from 'iter_swap' at /usr/include/c++/13/bits/stl_algobase.h:185:11,
    inlined from 'swap_ranges' at /usr/include/c++/13/bits/stl_algobase.h:215:16,
    inlined from 'memswap' at bazel-out/aarch64-opt/bin/external/protobuf+/src/google/protobuf/_virtual_includes/protobuf_lite/google/protobuf/repeated_ptr_field.h:96:19,
    inlined from 'swap' at bazel-out/aarch64-opt/bin/external/protobuf+/src/google/protobuf/_virtual_includes/protobuf_lite/google/protobuf/repeated_field.h:234:64,
    inlined from 'InternalSwap' at bazel-out/aarch64-opt/bin/external/protobuf+/src/google/protobuf/_virtual_includes/protobuf_lite/google/protobuf/repeated_field.h:1287:16,
    inlined from 'UnsafeArenaSwap' at bazel-out/aarch64-opt/bin/external/protobuf+/src/google/protobuf/_virtual_includes/protobuf_lite/google/protobuf/repeated_field.h:1335:15,
    inlined from 'SwapFallbackWithTemp' at bazel-out/aarch64-opt/bin/external/protobuf+/src/google/protobuf/_virtual_includes/protobuf_lite/google/protobuf/repeated_field.h:1301:24,
    inlined from 'Swap' at bazel-out/aarch64-opt/bin/external/protobuf+/src/google/protobuf/_virtual_includes/protobuf_lite/google/protobuf/repeated_field.h:1318:25,
    inlined from 'Swap' at bazel-out/aarch64-opt/bin/external/protobuf+/src/google/protobuf/_virtual_includes/protobuf/google/protobuf/reflection_internal.h:209:37:
/usr/include/c++/13/bits/move.h:198:11: warning: writing 1 byte into a region of size 0 [-Wstringop-overflow=]
  198 |       __a = _GLIBCXX_MOVE(__b);
      |           ^
bazel-out/aarch64-opt/bin/external/protobuf+/src/google/protobuf/_virtual_includes/protobuf_lite/google/protobuf/repeated_field.h: In member function 'Swap':
bazel-out/aarch64-opt/bin/external/protobuf+/src/google/protobuf/_virtual_includes/protobuf_lite/google/protobuf/repeated_field.h:241:12: note: at offset 9 into destination object 'size_' of size 4
In function 'swap',
    inlined from 'iter_swap' at /usr/include/c++/13/bits/stl_algobase.h:185:11,
    inlined from 'swap_ranges' at /usr/include/c++/13/bits/stl_algobase.h:215:16,
    inlined from 'memswap' at bazel-out/aarch64-opt/bin/external/protobuf+/src/google/protobuf/_virtual_includes/protobuf_lite/google/protobuf/repeated_ptr_field.h:96:19,
    inlined from 'swap' at bazel-out/aarch64-opt/bin/external/protobuf+/src/google/protobuf/_virtual_includes/protobuf_lite/google/protobuf/repeated_field.h:234:64,
    inlined from 'InternalSwap' at bazel-out/aarch64-opt/bin/external/protobuf+/src/google/protobuf/_virtual_includes/protobuf_lite/google/protobuf/repeated_field.h:1287:16,
    inlined from 'UnsafeArenaSwap' at bazel-out/aarch64-opt/bin/external/protobuf+/src/google/protobuf/_virtual_includes/protobuf_lite/google/protobuf/repeated_field.h:1335:15,
    inlined from 'SwapFallbackWithTemp' at bazel-out/aarch64-opt/bin/external/protobuf+/src/google/protobuf/_virtual_includes/protobuf_lite/google/protobuf/repeated_field.h:1301:24,
    inlined from 'Swap' at bazel-out/aarch64-opt/bin/external/protobuf+/src/google/protobuf/_virtual_includes/protobuf_lite/google/protobuf/repeated_field.h:1318:25,
    inlined from 'Swap' at bazel-out/aarch64-opt/bin/external/protobuf+/src/google/protobuf/_virtual_includes/protobuf/google/protobuf/reflection_internal.h:209:37:
/usr/include/c++/13/bits/move.h:198:11: warning: writing 1 byte into a region of size 0 [-Wstringop-overflow=]
  198 |       __a = _GLIBCXX_MOVE(__b);
      |           ^
bazel-out/aarch64-opt/bin/external/protobuf+/src/google/protobuf/_virtual_includes/protobuf_lite/google/protobuf/repeated_field.h: In member function 'Swap':
bazel-out/aarch64-opt/bin/external/protobuf+/src/google/protobuf/_virtual_includes/protobuf_lite/google/protobuf/repeated_field.h:241:12: note: at offset 10 into destination object 'size_' of size 4
In function 'swap',
    inlined from 'iter_swap' at /usr/include/c++/13/bits/stl_algobase.h:185:11,
    inlined from 'swap_ranges' at /usr/include/c++/13/bits/stl_algobase.h:215:16,
    inlined from 'memswap' at bazel-out/aarch64-opt/bin/external/protobuf+/src/google/protobuf/_virtual_includes/protobuf_lite/google/protobuf/repeated_ptr_field.h:96:19,
    inlined from 'swap' at bazel-out/aarch64-opt/bin/external/protobuf+/src/google/protobuf/_virtual_includes/protobuf_lite/google/protobuf/repeated_field.h:234:64,
    inlined from 'InternalSwap' at bazel-out/aarch64-opt/bin/external/protobuf+/src/google/protobuf/_virtual_includes/protobuf_lite/google/protobuf/repeated_field.h:1287:16,
    inlined from 'UnsafeArenaSwap' at bazel-out/aarch64-opt/bin/external/protobuf+/src/google/protobuf/_virtual_includes/protobuf_lite/google/protobuf/repeated_field.h:1335:15,
    inlined from 'SwapFallbackWithTemp' at bazel-out/aarch64-opt/bin/external/protobuf+/src/google/protobuf/_virtual_includes/protobuf_lite/google/protobuf/repeated_field.h:1301:24,
    inlined from 'Swap' at bazel-out/aarch64-opt/bin/external/protobuf+/src/google/protobuf/_virtual_includes/protobuf_lite/google/protobuf/repeated_field.h:1318:25,
    inlined from 'Swap' at bazel-out/aarch64-opt/bin/external/protobuf+/src/google/protobuf/_virtual_includes/protobuf/google/protobuf/reflection_internal.h:209:37:
/usr/include/c++/13/bits/move.h:198:11: warning: writing 1 byte into a region of size 0 [-Wstringop-overflow=]
  198 |       __a = _GLIBCXX_MOVE(__b);
      |           ^
bazel-out/aarch64-opt/bin/external/protobuf+/src/google/protobuf/_virtual_includes/protobuf_lite/google/protobuf/repeated_field.h: In member function 'Swap':
bazel-out/aarch64-opt/bin/external/protobuf+/src/google/protobuf/_virtual_includes/protobuf_lite/google/protobuf/repeated_field.h:241:12: note: at offset 11 into destination object 'size_' of size 4
In function 'swap',
    inlined from 'iter_swap' at /usr/include/c++/13/bits/stl_algobase.h:185:11,
    inlined from 'swap_ranges' at /usr/include/c++/13/bits/stl_algobase.h:215:16,
    inlined from 'memswap' at bazel-out/aarch64-opt/bin/external/protobuf+/src/google/protobuf/_virtual_includes/protobuf_lite/google/protobuf/repeated_ptr_field.h:96:19,
    inlined from 'swap' at bazel-out/aarch64-opt/bin/external/protobuf+/src/google/protobuf/_virtual_includes/protobuf_lite/google/protobuf/repeated_field.h:234:64,
    inlined from 'InternalSwap' at bazel-out/aarch64-opt/bin/external/protobuf+/src/google/protobuf/_virtual_includes/protobuf_lite/google/protobuf/repeated_field.h:1287:16,
    inlined from 'Swap' at bazel-out/aarch64-opt/bin/external/protobuf+/src/google/protobuf/_virtual_includes/protobuf_lite/google/protobuf/repeated_field.h:1310:17,
    inlined from 'Swap' at bazel-out/aarch64-opt/bin/external/protobuf+/src/google/protobuf/_virtual_includes/protobuf/google/protobuf/reflection_internal.h:209:37:
/usr/include/c++/13/bits/move.h:198:11: warning: writing 1 byte into a region of size 0 [-Wstringop-overflow=]
  198 |       __a = _GLIBCXX_MOVE(__b);
      |           ^
bazel-out/aarch64-opt/bin/external/protobuf+/src/google/protobuf/_virtual_includes/protobuf_lite/google/protobuf/repeated_field.h: In member function 'Swap':
bazel-out/aarch64-opt/bin/external/protobuf+/src/google/protobuf/_virtual_includes/protobuf_lite/google/protobuf/repeated_field.h:241:12: note: at offset 8 into destination object 'size_' of size 4
In function 'swap',
    inlined from 'iter_swap' at /usr/include/c++/13/bits/stl_algobase.h:185:11,
    inlined from 'swap_ranges' at /usr/include/c++/13/bits/stl_algobase.h:215:16,
    inlined from 'memswap' at bazel-out/aarch64-opt/bin/external/protobuf+/src/google/protobuf/_virtual_includes/protobuf_lite/google/protobuf/repeated_ptr_field.h:96:19,
    inlined from 'swap' at bazel-out/aarch64-opt/bin/external/protobuf+/src/google/protobuf/_virtual_includes/protobuf_lite/google/protobuf/repeated_field.h:234:64,
    inlined from 'InternalSwap' at bazel-out/aarch64-opt/bin/external/protobuf+/src/google/protobuf/_virtual_includes/protobuf_lite/google/protobuf/repeated_field.h:1287:16,
    inlined from 'Swap' at bazel-out/aarch64-opt/bin/external/protobuf+/src/google/protobuf/_virtual_includes/protobuf_lite/google/protobuf/repeated_field.h:1310:17,
    inlined from 'Swap' at bazel-out/aarch64-opt/bin/external/protobuf+/src/google/protobuf/_virtual_includes/protobuf/google/protobuf/reflection_internal.h:209:37:
/usr/include/c++/13/bits/move.h:198:11: warning: writing 1 byte into a region of size 0 [-Wstringop-overflow=]
  198 |       __a = _GLIBCXX_MOVE(__b);
      |           ^
bazel-out/aarch64-opt/bin/external/protobuf+/src/google/protobuf/_virtual_includes/protobuf_lite/google/protobuf/repeated_field.h: In member function 'Swap':
bazel-out/aarch64-opt/bin/external/protobuf+/src/google/protobuf/_virtual_includes/protobuf_lite/google/protobuf/repeated_field.h:241:12: note: at offset 9 into destination object 'size_' of size 4
In function 'swap',
    inlined from 'iter_swap' at /usr/include/c++/13/bits/stl_algobase.h:185:11,
    inlined from 'swap_ranges' at /usr/include/c++/13/bits/stl_algobase.h:215:16,
    inlined from 'memswap' at bazel-out/aarch64-opt/bin/external/protobuf+/src/google/protobuf/_virtual_includes/protobuf_lite/google/protobuf/repeated_ptr_field.h:96:19,
    inlined from 'swap' at bazel-out/aarch64-opt/bin/external/protobuf+/src/google/protobuf/_virtual_includes/protobuf_lite/google/protobuf/repeated_field.h:234:64,
    inlined from 'InternalSwap' at bazel-out/aarch64-opt/bin/external/protobuf+/src/google/protobuf/_virtual_includes/protobuf_lite/google/protobuf/repeated_field.h:1287:16,
    inlined from 'Swap' at bazel-out/aarch64-opt/bin/external/protobuf+/src/google/protobuf/_virtual_includes/protobuf_lite/google/protobuf/repeated_field.h:1310:17,
    inlined from 'Swap' at bazel-out/aarch64-opt/bin/external/protobuf+/src/google/protobuf/_virtual_includes/protobuf/google/protobuf/reflection_internal.h:209:37:
/usr/include/c++/13/bits/move.h:198:11: warning: writing 1 byte into a region of size 0 [-Wstringop-overflow=]
  198 |       __a = _GLIBCXX_MOVE(__b);
      |           ^
bazel-out/aarch64-opt/bin/external/protobuf+/src/google/protobuf/_virtual_includes/protobuf_lite/google/protobuf/repeated_field.h: In member function 'Swap':
bazel-out/aarch64-opt/bin/external/protobuf+/src/google/protobuf/_virtual_includes/protobuf_lite/google/protobuf/repeated_field.h:241:12: note: at offset 10 into destination object 'size_' of size 4
In function 'swap',
    inlined from 'iter_swap' at /usr/include/c++/13/bits/stl_algobase.h:185:11,
    inlined from 'swap_ranges' at /usr/include/c++/13/bits/stl_algobase.h:215:16,
    inlined from 'memswap' at bazel-out/aarch64-opt/bin/external/protobuf+/src/google/protobuf/_virtual_includes/protobuf_lite/google/protobuf/repeated_ptr_field.h:96:19,
    inlined from 'swap' at bazel-out/aarch64-opt/bin/external/protobuf+/src/google/protobuf/_virtual_includes/protobuf_lite/google/protobuf/repeated_field.h:234:64,
    inlined from 'InternalSwap' at bazel-out/aarch64-opt/bin/external/protobuf+/src/google/protobuf/_virtual_includes/protobuf_lite/google/protobuf/repeated_field.h:1287:16,
    inlined from 'Swap' at bazel-out/aarch64-opt/bin/external/protobuf+/src/google/protobuf/_virtual_includes/protobuf_lite/google/protobuf/repeated_field.h:1310:17,
    inlined from 'Swap' at bazel-out/aarch64-opt/bin/external/protobuf+/src/google/protobuf/_virtual_includes/protobuf/google/protobuf/reflection_internal.h:209:37:
/usr/include/c++/13/bits/move.h:198:11: warning: writing 1 byte into a region of size 0 [-Wstringop-overflow=]
  198 |       __a = _GLIBCXX_MOVE(__b);
      |           ^
bazel-out/aarch64-opt/bin/external/protobuf+/src/google/protobuf/_virtual_includes/protobuf_lite/google/protobuf/repeated_field.h: In member function 'Swap':
bazel-out/aarch64-opt/bin/external/protobuf+/src/google/protobuf/_virtual_includes/protobuf_lite/google/protobuf/repeated_field.h:241:12: note: at offset 11 into destination object 'size_' of size 4
In function 'swap',
    inlined from 'iter_swap' at /usr/include/c++/13/bits/stl_algobase.h:185:11,
    inlined from 'swap_ranges' at /usr/include/c++/13/bits/stl_algobase.h:215:16,
    inlined from 'memswap' at bazel-out/aarch64-opt/bin/external/protobuf+/src/google/protobuf/_virtual_includes/protobuf_lite/google/protobuf/repeated_ptr_field.h:96:19,
    inlined from 'swap' at bazel-out/aarch64-opt/bin/external/protobuf+/src/google/protobuf/_virtual_includes/protobuf_lite/google/protobuf/repeated_field.h:234:64,
    inlined from 'InternalSwap' at bazel-out/aarch64-opt/bin/external/protobuf+/src/google/protobuf/_virtual_includes/protobuf_lite/google/protobuf/repeated_field.h:1287:16,
    inlined from 'UnsafeArenaSwap' at bazel-out/aarch64-opt/bin/external/protobuf+/src/google/protobuf/_virtual_includes/protobuf_lite/google/protobuf/repeated_field.h:1335:15,
    inlined from 'SwapFallbackWithTemp' at bazel-out/aarch64-opt/bin/external/protobuf+/src/google/protobuf/_virtual_includes/protobuf_lite/google/protobuf/repeated_field.h:1301:24,
    inlined from 'Swap' at bazel-out/aarch64-opt/bin/external/protobuf+/src/google/protobuf/_virtual_includes/protobuf_lite/google/protobuf/repeated_field.h:1318:25,
    inlined from 'Swap' at bazel-out/aarch64-opt/bin/external/protobuf+/src/google/protobuf/_virtual_includes/protobuf/google/protobuf/reflection_internal.h:209:37:
/usr/include/c++/13/bits/move.h:198:11: warning: writing 1 byte into a region of size 0 [-Wstringop-overflow=]
  198 |       __a = _GLIBCXX_MOVE(__b);
      |           ^
bazel-out/aarch64-opt/bin/external/protobuf+/src/google/protobuf/_virtual_includes/protobuf_lite/google/protobuf/repeated_field.h: In member function 'Swap':
bazel-out/aarch64-opt/bin/external/protobuf+/src/google/protobuf/_virtual_includes/protobuf_lite/google/protobuf/repeated_field.h:241:12: note: at offset 8 into destination object 'size_' of size 4
In function 'swap',
    inlined from 'iter_swap' at /usr/include/c++/13/bits/stl_algobase.h:185:11,
    inlined from 'swap_ranges' at /usr/include/c++/13/bits/stl_algobase.h:215:16,
    inlined from 'memswap' at bazel-out/aarch64-opt/bin/external/protobuf+/src/google/protobuf/_virtual_includes/protobuf_lite/google/protobuf/repeated_ptr_field.h:96:19,
    inlined from 'swap' at bazel-out/aarch64-opt/bin/external/protobuf+/src/google/protobuf/_virtual_includes/protobuf_lite/google/protobuf/repeated_field.h:234:64,
    inlined from 'InternalSwap' at bazel-out/aarch64-opt/bin/external/protobuf+/src/google/protobuf/_virtual_includes/protobuf_lite/google/protobuf/repeated_field.h:1287:16,
    inlined from 'UnsafeArenaSwap' at bazel-out/aarch64-opt/bin/external/protobuf+/src/google/protobuf/_virtual_includes/protobuf_lite/google/protobuf/repeated_field.h:1335:15,
    inlined from 'SwapFallbackWithTemp' at bazel-out/aarch64-opt/bin/external/protobuf+/src/google/protobuf/_virtual_includes/protobuf_lite/google/protobuf/repeated_field.h:1301:24,
    inlined from 'Swap' at bazel-out/aarch64-opt/bin/external/protobuf+/src/google/protobuf/_virtual_includes/protobuf_lite/google/protobuf/repeated_field.h:1318:25,
    inlined from 'Swap' at bazel-out/aarch64-opt/bin/external/protobuf+/src/google/protobuf/_virtual_includes/protobuf/google/protobuf/reflection_internal.h:209:37:
/usr/include/c++/13/bits/move.h:198:11: warning: writing 1 byte into a region of size 0 [-Wstringop-overflow=]
  198 |       __a = _GLIBCXX_MOVE(__b);
      |           ^
bazel-out/aarch64-opt/bin/external/protobuf+/src/google/protobuf/_virtual_includes/protobuf_lite/google/protobuf/repeated_field.h: In member function 'Swap':
bazel-out/aarch64-opt/bin/external/protobuf+/src/google/protobuf/_virtual_includes/protobuf_lite/google/protobuf/repeated_field.h:241:12: note: at offset 9 into destination object 'size_' of size 4
In function 'swap',
    inlined from 'iter_swap' at /usr/include/c++/13/bits/stl_algobase.h:185:11,
    inlined from 'swap_ranges' at /usr/include/c++/13/bits/stl_algobase.h:215:16,
    inlined from 'memswap' at bazel-out/aarch64-opt/bin/external/protobuf+/src/google/protobuf/_virtual_includes/protobuf_lite/google/protobuf/repeated_ptr_field.h:96:19,
    inlined from 'swap' at bazel-out/aarch64-opt/bin/external/protobuf+/src/google/protobuf/_virtual_includes/protobuf_lite/google/protobuf/repeated_field.h:234:64,
    inlined from 'InternalSwap' at bazel-out/aarch64-opt/bin/external/protobuf+/src/google/protobuf/_virtual_includes/protobuf_lite/google/protobuf/repeated_field.h:1287:16,
    inlined from 'UnsafeArenaSwap' at bazel-out/aarch64-opt/bin/external/protobuf+/src/google/protobuf/_virtual_includes/protobuf_lite/google/protobuf/repeated_field.h:1335:15,
    inlined from 'SwapFallbackWithTemp' at bazel-out/aarch64-opt/bin/external/protobuf+/src/google/protobuf/_virtual_includes/protobuf_lite/google/protobuf/repeated_field.h:1301:24,
    inlined from 'Swap' at bazel-out/aarch64-opt/bin/external/protobuf+/src/google/protobuf/_virtual_includes/protobuf_lite/google/protobuf/repeated_field.h:1318:25,
    inlined from 'Swap' at bazel-out/aarch64-opt/bin/external/protobuf+/src/google/protobuf/_virtual_includes/protobuf/google/protobuf/reflection_internal.h:209:37:
/usr/include/c++/13/bits/move.h:198:11: warning: writing 1 byte into a region of size 0 [-Wstringop-overflow=]
  198 |       __a = _GLIBCXX_MOVE(__b);
      |           ^
bazel-out/aarch64-opt/bin/external/protobuf+/src/google/protobuf/_virtual_includes/protobuf_lite/google/protobuf/repeated_field.h: In member function 'Swap':
bazel-out/aarch64-opt/bin/external/protobuf+/src/google/protobuf/_virtual_includes/protobuf_lite/google/protobuf/repeated_field.h:241:12: note: at offset 10 into destination object 'size_' of size 4
In function 'swap',
    inlined from 'iter_swap' at /usr/include/c++/13/bits/stl_algobase.h:185:11,
    inlined from 'swap_ranges' at /usr/include/c++/13/bits/stl_algobase.h:215:16,
    inlined from 'memswap' at bazel-out/aarch64-opt/bin/external/protobuf+/src/google/protobuf/_virtual_includes/protobuf_lite/google/protobuf/repeated_ptr_field.h:96:19,
    inlined from 'swap' at bazel-out/aarch64-opt/bin/external/protobuf+/src/google/protobuf/_virtual_includes/protobuf_lite/google/protobuf/repeated_field.h:234:64,
    inlined from 'InternalSwap' at bazel-out/aarch64-opt/bin/external/protobuf+/src/google/protobuf/_virtual_includes/protobuf_lite/google/protobuf/repeated_field.h:1287:16,
    inlined from 'UnsafeArenaSwap' at bazel-out/aarch64-opt/bin/external/protobuf+/src/google/protobuf/_virtual_includes/protobuf_lite/google/protobuf/repeated_field.h:1335:15,
    inlined from 'SwapFallbackWithTemp' at bazel-out/aarch64-opt/bin/external/protobuf+/src/google/protobuf/_virtual_includes/protobuf_lite/google/protobuf/repeated_field.h:1301:24,
    inlined from 'Swap' at bazel-out/aarch64-opt/bin/external/protobuf+/src/google/protobuf/_virtual_includes/protobuf_lite/google/protobuf/repeated_field.h:1318:25,
    inlined from 'Swap' at bazel-out/aarch64-opt/bin/external/protobuf+/src/google/protobuf/_virtual_includes/protobuf/google/protobuf/reflection_internal.h:209:37:
/usr/include/c++/13/bits/move.h:198:11: warning: writing 1 byte into a region of size 0 [-Wstringop-overflow=]
  198 |       __a = _GLIBCXX_MOVE(__b);
      |           ^
bazel-out/aarch64-opt/bin/external/protobuf+/src/google/protobuf/_virtual_includes/protobuf_lite/google/protobuf/repeated_field.h: In member function 'Swap':
bazel-out/aarch64-opt/bin/external/protobuf+/src/google/protobuf/_virtual_includes/protobuf_lite/google/protobuf/repeated_field.h:241:12: note: at offset 11 into destination object 'size_' of size 4
In function 'swap',
    inlined from 'iter_swap' at /usr/include/c++/13/bits/stl_algobase.h:185:11,
    inlined from 'swap_ranges' at /usr/include/c++/13/bits/stl_algobase.h:215:16,
    inlined from 'memswap' at bazel-out/aarch64-opt/bin/external/protobuf+/src/google/protobuf/_virtual_includes/protobuf_lite/google/protobuf/repeated_ptr_field.h:96:19,
    inlined from 'swap' at bazel-out/aarch64-opt/bin/external/protobuf+/src/google/protobuf/_virtual_includes/protobuf_lite/google/protobuf/repeated_field.h:234:64,
    inlined from 'InternalSwap' at bazel-out/aarch64-opt/bin/external/protobuf+/src/google/protobuf/_virtual_includes/protobuf_lite/google/protobuf/repeated_field.h:1287:16,
    inlined from 'Swap' at bazel-out/aarch64-opt/bin/external/protobuf+/src/google/protobuf/_virtual_includes/protobuf_lite/google/protobuf/repeated_field.h:1310:17,
    inlined from 'Swap' at bazel-out/aarch64-opt/bin/external/protobuf+/src/google/protobuf/_virtual_includes/protobuf/google/protobuf/reflection_internal.h:209:37:
/usr/include/c++/13/bits/move.h:198:11: warning: writing 1 byte into a region of size 0 [-Wstringop-overflow=]
  198 |       __a = _GLIBCXX_MOVE(__b);
      |           ^
bazel-out/aarch64-opt/bin/external/protobuf+/src/google/protobuf/_virtual_includes/protobuf_lite/google/protobuf/repeated_field.h: In member function 'Swap':
bazel-out/aarch64-opt/bin/external/protobuf+/src/google/protobuf/_virtual_includes/protobuf_lite/google/protobuf/repeated_field.h:241:12: note: at offset 8 into destination object 'size_' of size 4
In function 'swap',
    inlined from 'iter_swap' at /usr/include/c++/13/bits/stl_algobase.h:185:11,
    inlined from 'swap_ranges' at /usr/include/c++/13/bits/stl_algobase.h:215:16,
    inlined from 'memswap' at bazel-out/aarch64-opt/bin/external/protobuf+/src/google/protobuf/_virtual_includes/protobuf_lite/google/protobuf/repeated_ptr_field.h:96:19,
    inlined from 'swap' at bazel-out/aarch64-opt/bin/external/protobuf+/src/google/protobuf/_virtual_includes/protobuf_lite/google/protobuf/repeated_field.h:234:64,
    inlined from 'InternalSwap' at bazel-out/aarch64-opt/bin/external/protobuf+/src/google/protobuf/_virtual_includes/protobuf_lite/google/protobuf/repeated_field.h:1287:16,
    inlined from 'Swap' at bazel-out/aarch64-opt/bin/external/protobuf+/src/google/protobuf/_virtual_includes/protobuf_lite/google/protobuf/repeated_field.h:1310:17,
    inlined from 'Swap' at bazel-out/aarch64-opt/bin/external/protobuf+/src/google/protobuf/_virtual_includes/protobuf/google/protobuf/reflection_internal.h:209:37:
/usr/include/c++/13/bits/move.h:198:11: warning: writing 1 byte into a region of size 0 [-Wstringop-overflow=]
  198 |       __a = _GLIBCXX_MOVE(__b);
      |           ^
bazel-out/aarch64-opt/bin/external/protobuf+/src/google/protobuf/_virtual_includes/protobuf_lite/google/protobuf/repeated_field.h: In member function 'Swap':
bazel-out/aarch64-opt/bin/external/protobuf+/src/google/protobuf/_virtual_includes/protobuf_lite/google/protobuf/repeated_field.h:241:12: note: at offset 9 into destination object 'size_' of size 4
In function 'swap',
    inlined from 'iter_swap' at /usr/include/c++/13/bits/stl_algobase.h:185:11,
    inlined from 'swap_ranges' at /usr/include/c++/13/bits/stl_algobase.h:215:16,
    inlined from 'memswap' at bazel-out/aarch64-opt/bin/external/protobuf+/src/google/protobuf/_virtual_includes/protobuf_lite/google/protobuf/repeated_ptr_field.h:96:19,
    inlined from 'swap' at bazel-out/aarch64-opt/bin/external/protobuf+/src/google/protobuf/_virtual_includes/protobuf_lite/google/protobuf/repeated_field.h:234:64,
    inlined from 'InternalSwap' at bazel-out/aarch64-opt/bin/external/protobuf+/src/google/protobuf/_virtual_includes/protobuf_lite/google/protobuf/repeated_field.h:1287:16,
    inlined from 'Swap' at bazel-out/aarch64-opt/bin/external/protobuf+/src/google/protobuf/_virtual_includes/protobuf_lite/google/protobuf/repeated_field.h:1310:17,
    inlined from 'Swap' at bazel-out/aarch64-opt/bin/external/protobuf+/src/google/protobuf/_virtual_includes/protobuf/google/protobuf/reflection_internal.h:209:37:
/usr/include/c++/13/bits/move.h:198:11: warning: writing 1 byte into a region of size 0 [-Wstringop-overflow=]
  198 |       __a = _GLIBCXX_MOVE(__b);
      |           ^
bazel-out/aarch64-opt/bin/external/protobuf+/src/google/protobuf/_virtual_includes/protobuf_lite/google/protobuf/repeated_field.h: In member function 'Swap':
bazel-out/aarch64-opt/bin/external/protobuf+/src/google/protobuf/_virtual_includes/protobuf_lite/google/protobuf/repeated_field.h:241:12: note: at offset 10 into destination object 'size_' of size 4
In function 'swap',
    inlined from 'iter_swap' at /usr/include/c++/13/bits/stl_algobase.h:185:11,
    inlined from 'swap_ranges' at /usr/include/c++/13/bits/stl_algobase.h:215:16,
    inlined from 'memswap' at bazel-out/aarch64-opt/bin/external/protobuf+/src/google/protobuf/_virtual_includes/protobuf_lite/google/protobuf/repeated_ptr_field.h:96:19,
    inlined from 'swap' at bazel-out/aarch64-opt/bin/external/protobuf+/src/google/protobuf/_virtual_includes/protobuf_lite/google/protobuf/repeated_field.h:234:64,
    inlined from 'InternalSwap' at bazel-out/aarch64-opt/bin/external/protobuf+/src/google/protobuf/_virtual_includes/protobuf_lite/google/protobuf/repeated_field.h:1287:16,
    inlined from 'Swap' at bazel-out/aarch64-opt/bin/external/protobuf+/src/google/protobuf/_virtual_includes/protobuf_lite/google/protobuf/repeated_field.h:1310:17,
    inlined from 'Swap' at bazel-out/aarch64-opt/bin/external/protobuf+/src/google/protobuf/_virtual_includes/protobuf/google/protobuf/reflection_internal.h:209:37:
/usr/include/c++/13/bits/move.h:198:11: warning: writing 1 byte into a region of size 0 [-Wstringop-overflow=]
  198 |       __a = _GLIBCXX_MOVE(__b);
      |           ^
bazel-out/aarch64-opt/bin/external/protobuf+/src/google/protobuf/_virtual_includes/protobuf_lite/google/protobuf/repeated_field.h: In member function 'Swap':
bazel-out/aarch64-opt/bin/external/protobuf+/src/google/protobuf/_virtual_includes/protobuf_lite/google/protobuf/repeated_field.h:241:12: note: at offset 11 into destination object 'size_' of size 4
In function 'swap',
    inlined from 'iter_swap' at /usr/include/c++/13/bits/stl_algobase.h:185:11,
    inlined from 'swap_ranges' at /usr/include/c++/13/bits/stl_algobase.h:215:16,
    inlined from 'memswap' at bazel-out/aarch64-opt/bin/external/protobuf+/src/google/protobuf/_virtual_includes/protobuf_lite/google/protobuf/repeated_ptr_field.h:96:19,
    inlined from 'swap' at bazel-out/aarch64-opt/bin/external/protobuf+/src/google/protobuf/_virtual_includes/protobuf_lite/google/protobuf/repeated_field.h:234:64,
    inlined from 'InternalSwap' at bazel-out/aarch64-opt/bin/external/protobuf+/src/google/protobuf/_virtual_includes/protobuf_lite/google/protobuf/repeated_field.h:1287:16,
    inlined from 'UnsafeArenaSwap' at bazel-out/aarch64-opt/bin/external/protobuf+/src/google/protobuf/_virtual_includes/protobuf_lite/google/protobuf/repeated_field.h:1335:15,
    inlined from 'SwapFallbackWithTemp' at bazel-out/aarch64-opt/bin/external/protobuf+/src/google/protobuf/_virtual_includes/protobuf_lite/google/protobuf/repeated_field.h:1301:24,
    inlined from 'Swap' at bazel-out/aarch64-opt/bin/external/protobuf+/src/google/protobuf/_virtual_includes/protobuf_lite/google/protobuf/repeated_field.h:1318:25,
    inlined from 'Swap' at bazel-out/aarch64-opt/bin/external/protobuf+/src/google/protobuf/_virtual_includes/protobuf/google/protobuf/reflection_internal.h:209:37:
/usr/include/c++/13/bits/move.h:198:11: warning: writing 1 byte into a region of size 0 [-Wstringop-overflow=]
  198 |       __a = _GLIBCXX_MOVE(__b);
      |           ^
bazel-out/aarch64-opt/bin/external/protobuf+/src/google/protobuf/_virtual_includes/protobuf_lite/google/protobuf/repeated_field.h: In member function 'Swap':
bazel-out/aarch64-opt/bin/external/protobuf+/src/google/protobuf/_virtual_includes/protobuf_lite/google/protobuf/repeated_field.h:241:12: note: at offset 8 into destination object 'size_' of size 4
In function 'swap',
    inlined from 'iter_swap' at /usr/include/c++/13/bits/stl_algobase.h:185:11,
    inlined from 'swap_ranges' at /usr/include/c++/13/bits/stl_algobase.h:215:16,
    inlined from 'memswap' at bazel-out/aarch64-opt/bin/external/protobuf+/src/google/protobuf/_virtual_includes/protobuf_lite/google/protobuf/repeated_ptr_field.h:96:19,
    inlined from 'swap' at bazel-out/aarch64-opt/bin/external/protobuf+/src/google/protobuf/_virtual_includes/protobuf_lite/google/protobuf/repeated_field.h:234:64,
    inlined from 'InternalSwap' at bazel-out/aarch64-opt/bin/external/protobuf+/src/google/protobuf/_virtual_includes/protobuf_lite/google/protobuf/repeated_field.h:1287:16,
    inlined from 'UnsafeArenaSwap' at bazel-out/aarch64-opt/bin/external/protobuf+/src/google/protobuf/_virtual_includes/protobuf_lite/google/protobuf/repeated_field.h:1335:15,
    inlined from 'SwapFallbackWithTemp' at bazel-out/aarch64-opt/bin/external/protobuf+/src/google/protobuf/_virtual_includes/protobuf_lite/google/protobuf/repeated_field.h:1301:24,
    inlined from 'Swap' at bazel-out/aarch64-opt/bin/external/protobuf+/src/google/protobuf/_virtual_includes/protobuf_lite/google/protobuf/repeated_field.h:1318:25,
    inlined from 'Swap' at bazel-out/aarch64-opt/bin/external/protobuf+/src/google/protobuf/_virtual_includes/protobuf/google/protobuf/reflection_internal.h:209:37:
/usr/include/c++/13/bits/move.h:198:11: warning: writing 1 byte into a region of size 0 [-Wstringop-overflow=]
  198 |       __a = _GLIBCXX_MOVE(__b);
      |           ^
bazel-out/aarch64-opt/bin/external/protobuf+/src/google/protobuf/_virtual_includes/protobuf_lite/google/protobuf/repeated_field.h: In member function 'Swap':
bazel-out/aarch64-opt/bin/external/protobuf+/src/google/protobuf/_virtual_includes/protobuf_lite/google/protobuf/repeated_field.h:241:12: note: at offset 9 into destination object 'size_' of size 4
In function 'swap',
    inlined from 'iter_swap' at /usr/include/c++/13/bits/stl_algobase.h:185:11,
    inlined from 'swap_ranges' at /usr/include/c++/13/bits/stl_algobase.h:215:16,
    inlined from 'memswap' at bazel-out/aarch64-opt/bin/external/protobuf+/src/google/protobuf/_virtual_includes/protobuf_lite/google/protobuf/repeated_ptr_field.h:96:19,
    inlined from 'swap' at bazel-out/aarch64-opt/bin/external/protobuf+/src/google/protobuf/_virtual_includes/protobuf_lite/google/protobuf/repeated_field.h:234:64,
    inlined from 'InternalSwap' at bazel-out/aarch64-opt/bin/external/protobuf+/src/google/protobuf/_virtual_includes/protobuf_lite/google/protobuf/repeated_field.h:1287:16,
    inlined from 'UnsafeArenaSwap' at bazel-out/aarch64-opt/bin/external/protobuf+/src/google/protobuf/_virtual_includes/protobuf_lite/google/protobuf/repeated_field.h:1335:15,
    inlined from 'SwapFallbackWithTemp' at bazel-out/aarch64-opt/bin/external/protobuf+/src/google/protobuf/_virtual_includes/protobuf_lite/google/protobuf/repeated_field.h:1301:24,
    inlined from 'Swap' at bazel-out/aarch64-opt/bin/external/protobuf+/src/google/protobuf/_virtual_includes/protobuf_lite/google/protobuf/repeated_field.h:1318:25,
    inlined from 'Swap' at bazel-out/aarch64-opt/bin/external/protobuf+/src/google/protobuf/_virtual_includes/protobuf/google/protobuf/reflection_internal.h:209:37:
/usr/include/c++/13/bits/move.h:198:11: warning: writing 1 byte into a region of size 0 [-Wstringop-overflow=]
  198 |       __a = _GLIBCXX_MOVE(__b);
      |           ^
bazel-out/aarch64-opt/bin/external/protobuf+/src/google/protobuf/_virtual_includes/protobuf_lite/google/protobuf/repeated_field.h: In member function 'Swap':
bazel-out/aarch64-opt/bin/external/protobuf+/src/google/protobuf/_virtual_includes/protobuf_lite/google/protobuf/repeated_field.h:241:12: note: at offset 10 into destination object 'size_' of size 4
In function 'swap',
    inlined from 'iter_swap' at /usr/include/c++/13/bits/stl_algobase.h:185:11,
    inlined from 'swap_ranges' at /usr/include/c++/13/bits/stl_algobase.h:215:16,
    inlined from 'memswap' at bazel-out/aarch64-opt/bin/external/protobuf+/src/google/protobuf/_virtual_includes/protobuf_lite/google/protobuf/repeated_ptr_field.h:96:19,
    inlined from 'swap' at bazel-out/aarch64-opt/bin/external/protobuf+/src/google/protobuf/_virtual_includes/protobuf_lite/google/protobuf/repeated_field.h:234:64,
    inlined from 'InternalSwap' at bazel-out/aarch64-opt/bin/external/protobuf+/src/google/protobuf/_virtual_includes/protobuf_lite/google/protobuf/repeated_field.h:1287:16,
    inlined from 'UnsafeArenaSwap' at bazel-out/aarch64-opt/bin/external/protobuf+/src/google/protobuf/_virtual_includes/protobuf_lite/google/protobuf/repeated_field.h:1335:15,
    inlined from 'SwapFallbackWithTemp' at bazel-out/aarch64-opt/bin/external/protobuf+/src/google/protobuf/_virtual_includes/protobuf_lite/google/protobuf/repeated_field.h:1301:24,
    inlined from 'Swap' at bazel-out/aarch64-opt/bin/external/protobuf+/src/google/protobuf/_virtual_includes/protobuf_lite/google/protobuf/repeated_field.h:1318:25,
    inlined from 'Swap' at bazel-out/aarch64-opt/bin/external/protobuf+/src/google/protobuf/_virtual_includes/protobuf/google/protobuf/reflection_internal.h:209:37:
/usr/include/c++/13/bits/move.h:198:11: warning: writing 1 byte into a region of size 0 [-Wstringop-overflow=]
  198 |       __a = _GLIBCXX_MOVE(__b);
      |           ^
bazel-out/aarch64-opt/bin/external/protobuf+/src/google/protobuf/_virtual_includes/protobuf_lite/google/protobuf/repeated_field.h: In member function 'Swap':
bazel-out/aarch64-opt/bin/external/protobuf+/src/google/protobuf/_virtual_includes/protobuf_lite/google/protobuf/repeated_field.h:241:12: note: at offset 11 into destination object 'size_' of size 4
In function 'swap',
    inlined from 'iter_swap' at /usr/include/c++/13/bits/stl_algobase.h:185:11,
    inlined from 'swap_ranges' at /usr/include/c++/13/bits/stl_algobase.h:215:16,
    inlined from 'memswap' at bazel-out/aarch64-opt/bin/external/protobuf+/src/google/protobuf/_virtual_includes/protobuf_lite/google/protobuf/repeated_ptr_field.h:96:19,
    inlined from 'swap' at bazel-out/aarch64-opt/bin/external/protobuf+/src/google/protobuf/_virtual_includes/protobuf_lite/google/protobuf/repeated_field.h:234:64,
    inlined from 'InternalSwap' at bazel-out/aarch64-opt/bin/external/protobuf+/src/google/protobuf/_virtual_includes/protobuf_lite/google/protobuf/repeated_field.h:1287:16,
    inlined from 'Swap' at bazel-out/aarch64-opt/bin/external/protobuf+/src/google/protobuf/_virtual_includes/protobuf_lite/google/protobuf/repeated_field.h:1310:17,
    inlined from 'Swap' at bazel-out/aarch64-opt/bin/external/protobuf+/src/google/protobuf/_virtual_includes/protobuf/google/protobuf/reflection_internal.h:209:37:
/usr/include/c++/13/bits/move.h:198:11: warning: writing 1 byte into a region of size 0 [-Wstringop-overflow=]
  198 |       __a = _GLIBCXX_MOVE(__b);
      |           ^
bazel-out/aarch64-opt/bin/external/protobuf+/src/google/protobuf/_virtual_includes/protobuf_lite/google/protobuf/repeated_field.h: In member function 'Swap':
bazel-out/aarch64-opt/bin/external/protobuf+/src/google/protobuf/_virtual_includes/protobuf_lite/google/protobuf/repeated_field.h:241:12: note: at offset 8 into destination object 'size_' of size 4
In function 'swap',
    inlined from 'iter_swap' at /usr/include/c++/13/bits/stl_algobase.h:185:11,
    inlined from 'swap_ranges' at /usr/include/c++/13/bits/stl_algobase.h:215:16,
    inlined from 'memswap' at bazel-out/aarch64-opt/bin/external/protobuf+/src/google/protobuf/_virtual_includes/protobuf_lite/google/protobuf/repeated_ptr_field.h:96:19,
    inlined from 'swap' at bazel-out/aarch64-opt/bin/external/protobuf+/src/google/protobuf/_virtual_includes/protobuf_lite/google/protobuf/repeated_field.h:234:64,
    inlined from 'InternalSwap' at bazel-out/aarch64-opt/bin/external/protobuf+/src/google/protobuf/_virtual_includes/protobuf_lite/google/protobuf/repeated_field.h:1287:16,
    inlined from 'Swap' at bazel-out/aarch64-opt/bin/external/protobuf+/src/google/protobuf/_virtual_includes/protobuf_lite/google/protobuf/repeated_field.h:1310:17,
    inlined from 'Swap' at bazel-out/aarch64-opt/bin/external/protobuf+/src/google/protobuf/_virtual_includes/protobuf/google/protobuf/reflection_internal.h:209:37:
/usr/include/c++/13/bits/move.h:198:11: warning: writing 1 byte into a region of size 0 [-Wstringop-overflow=]
  198 |       __a = _GLIBCXX_MOVE(__b);
      |           ^
bazel-out/aarch64-opt/bin/external/protobuf+/src/google/protobuf/_virtual_includes/protobuf_lite/google/protobuf/repeated_field.h: In member function 'Swap':
bazel-out/aarch64-opt/bin/external/protobuf+/src/google/protobuf/_virtual_includes/protobuf_lite/google/protobuf/repeated_field.h:241:12: note: at offset 9 into destination object 'size_' of size 4
In function 'swap',
    inlined from 'iter_swap' at /usr/include/c++/13/bits/stl_algobase.h:185:11,
    inlined from 'swap_ranges' at /usr/include/c++/13/bits/stl_algobase.h:215:16,
    inlined from 'memswap' at bazel-out/aarch64-opt/bin/external/protobuf+/src/google/protobuf/_virtual_includes/protobuf_lite/google/protobuf/repeated_ptr_field.h:96:19,
    inlined from 'swap' at bazel-out/aarch64-opt/bin/external/protobuf+/src/google/protobuf/_virtual_includes/protobuf_lite/google/protobuf/repeated_field.h:234:64,
    inlined from 'InternalSwap' at bazel-out/aarch64-opt/bin/external/protobuf+/src/google/protobuf/_virtual_includes/protobuf_lite/google/protobuf/repeated_field.h:1287:16,
    inlined from 'Swap' at bazel-out/aarch64-opt/bin/external/protobuf+/src/google/protobuf/_virtual_includes/protobuf_lite/google/protobuf/repeated_field.h:1310:17,
    inlined from 'Swap' at bazel-out/aarch64-opt/bin/external/protobuf+/src/google/protobuf/_virtual_includes/protobuf/google/protobuf/reflection_internal.h:209:37:
/usr/include/c++/13/bits/move.h:198:11: warning: writing 1 byte into a region of size 0 [-Wstringop-overflow=]
  198 |       __a = _GLIBCXX_MOVE(__b);
      |           ^
bazel-out/aarch64-opt/bin/external/protobuf+/src/google/protobuf/_virtual_includes/protobuf_lite/google/protobuf/repeated_field.h: In member function 'Swap':
bazel-out/aarch64-opt/bin/external/protobuf+/src/google/protobuf/_virtual_includes/protobuf_lite/google/protobuf/repeated_field.h:241:12: note: at offset 10 into destination object 'size_' of size 4
In function 'swap',
    inlined from 'iter_swap' at /usr/include/c++/13/bits/stl_algobase.h:185:11,
    inlined from 'swap_ranges' at /usr/include/c++/13/bits/stl_algobase.h:215:16,
    inlined from 'memswap' at bazel-out/aarch64-opt/bin/external/protobuf+/src/google/protobuf/_virtual_includes/protobuf_lite/google/protobuf/repeated_ptr_field.h:96:19,
    inlined from 'swap' at bazel-out/aarch64-opt/bin/external/protobuf+/src/google/protobuf/_virtual_includes/protobuf_lite/google/protobuf/repeated_field.h:234:64,
    inlined from 'InternalSwap' at bazel-out/aarch64-opt/bin/external/protobuf+/src/google/protobuf/_virtual_includes/protobuf_lite/google/protobuf/repeated_field.h:1287:16,
    inlined from 'Swap' at bazel-out/aarch64-opt/bin/external/protobuf+/src/google/protobuf/_virtual_includes/protobuf_lite/google/protobuf/repeated_field.h:1310:17,
    inlined from 'Swap' at bazel-out/aarch64-opt/bin/external/protobuf+/src/google/protobuf/_virtual_includes/protobuf/google/protobuf/reflection_internal.h:209:37:
/usr/include/c++/13/bits/move.h:198:11: warning: writing 1 byte into a region of size 0 [-Wstringop-overflow=]
  198 |       __a = _GLIBCXX_MOVE(__b);
      |           ^
bazel-out/aarch64-opt/bin/external/protobuf+/src/google/protobuf/_virtual_includes/protobuf_lite/google/protobuf/repeated_field.h: In member function 'Swap':
bazel-out/aarch64-opt/bin/external/protobuf+/src/google/protobuf/_virtual_includes/protobuf_lite/google/protobuf/repeated_field.h:241:12: note: at offset 11 into destination object 'size_' of size 4
In function 'swap',
    inlined from 'iter_swap' at /usr/include/c++/13/bits/stl_algobase.h:185:11,
    inlined from 'swap_ranges' at /usr/include/c++/13/bits/stl_algobase.h:215:16,
    inlined from 'memswap' at bazel-out/aarch64-opt/bin/external/protobuf+/src/google/protobuf/_virtual_includes/protobuf_lite/google/protobuf/repeated_ptr_field.h:96:19,
    inlined from 'swap' at bazel-out/aarch64-opt/bin/external/protobuf+/src/google/protobuf/_virtual_includes/protobuf_lite/google/protobuf/repeated_field.h:234:64,
    inlined from 'InternalSwap' at bazel-out/aarch64-opt/bin/external/protobuf+/src/google/protobuf/_virtual_includes/protobuf_lite/google/protobuf/repeated_field.h:1287:16,
    inlined from 'UnsafeArenaSwap' at bazel-out/aarch64-opt/bin/external/protobuf+/src/google/protobuf/_virtual_includes/protobuf_lite/google/protobuf/repeated_field.h:1335:15,
    inlined from 'SwapFallbackWithTemp' at bazel-out/aarch64-opt/bin/external/protobuf+/src/google/protobuf/_virtual_includes/protobuf_lite/google/protobuf/repeated_field.h:1301:24,
    inlined from 'Swap' at bazel-out/aarch64-opt/bin/external/protobuf+/src/google/protobuf/_virtual_includes/protobuf_lite/google/protobuf/repeated_field.h:1318:25,
    inlined from 'Swap' at bazel-out/aarch64-opt/bin/external/protobuf+/src/google/protobuf/_virtual_includes/protobuf/google/protobuf/reflection_internal.h:209:37:
/usr/include/c++/13/bits/move.h:198:11: warning: writing 1 byte into a region of size 0 [-Wstringop-overflow=]
  198 |       __a = _GLIBCXX_MOVE(__b);
      |           ^
bazel-out/aarch64-opt/bin/external/protobuf+/src/google/protobuf/_virtual_includes/protobuf_lite/google/protobuf/repeated_field.h: In member function 'Swap':
bazel-out/aarch64-opt/bin/external/protobuf+/src/google/protobuf/_virtual_includes/protobuf_lite/google/protobuf/repeated_field.h:241:12: note: at offset 8 into destination object 'size_' of size 4
In function 'swap',
    inlined from 'iter_swap' at /usr/include/c++/13/bits/stl_algobase.h:185:11,
    inlined from 'swap_ranges' at /usr/include/c++/13/bits/stl_algobase.h:215:16,
    inlined from 'memswap' at bazel-out/aarch64-opt/bin/external/protobuf+/src/google/protobuf/_virtual_includes/protobuf_lite/google/protobuf/repeated_ptr_field.h:96:19,
    inlined from 'swap' at bazel-out/aarch64-opt/bin/external/protobuf+/src/google/protobuf/_virtual_includes/protobuf_lite/google/protobuf/repeated_field.h:234:64,
    inlined from 'InternalSwap' at bazel-out/aarch64-opt/bin/external/protobuf+/src/google/protobuf/_virtual_includes/protobuf_lite/google/protobuf/repeated_field.h:1287:16,
    inlined from 'UnsafeArenaSwap' at bazel-out/aarch64-opt/bin/external/protobuf+/src/google/protobuf/_virtual_includes/protobuf_lite/google/protobuf/repeated_field.h:1335:15,
    inlined from 'SwapFallbackWithTemp' at bazel-out/aarch64-opt/bin/external/protobuf+/src/google/protobuf/_virtual_includes/protobuf_lite/google/protobuf/repeated_field.h:1301:24,
    inlined from 'Swap' at bazel-out/aarch64-opt/bin/external/protobuf+/src/google/protobuf/_virtual_includes/protobuf_lite/google/protobuf/repeated_field.h:1318:25,
    inlined from 'Swap' at bazel-out/aarch64-opt/bin/external/protobuf+/src/google/protobuf/_virtual_includes/protobuf/google/protobuf/reflection_internal.h:209:37:
/usr/include/c++/13/bits/move.h:198:11: warning: writing 1 byte into a region of size 0 [-Wstringop-overflow=]
  198 |       __a = _GLIBCXX_MOVE(__b);
      |           ^
bazel-out/aarch64-opt/bin/external/protobuf+/src/google/protobuf/_virtual_includes/protobuf_lite/google/protobuf/repeated_field.h: In member function 'Swap':
bazel-out/aarch64-opt/bin/external/protobuf+/src/google/protobuf/_virtual_includes/protobuf_lite/google/protobuf/repeated_field.h:241:12: note: at offset 9 into destination object 'size_' of size 4
In function 'swap',
    inlined from 'iter_swap' at /usr/include/c++/13/bits/stl_algobase.h:185:11,
    inlined from 'swap_ranges' at /usr/include/c++/13/bits/stl_algobase.h:215:16,
    inlined from 'memswap' at bazel-out/aarch64-opt/bin/external/protobuf+/src/google/protobuf/_virtual_includes/protobuf_lite/google/protobuf/repeated_ptr_field.h:96:19,
    inlined from 'swap' at bazel-out/aarch64-opt/bin/external/protobuf+/src/google/protobuf/_virtual_includes/protobuf_lite/google/protobuf/repeated_field.h:234:64,
    inlined from 'InternalSwap' at bazel-out/aarch64-opt/bin/external/protobuf+/src/google/protobuf/_virtual_includes/protobuf_lite/google/protobuf/repeated_field.h:1287:16,
    inlined from 'UnsafeArenaSwap' at bazel-out/aarch64-opt/bin/external/protobuf+/src/google/protobuf/_virtual_includes/protobuf_lite/google/protobuf/repeated_field.h:1335:15,
    inlined from 'SwapFallbackWithTemp' at bazel-out/aarch64-opt/bin/external/protobuf+/src/google/protobuf/_virtual_includes/protobuf_lite/google/protobuf/repeated_field.h:1301:24,
    inlined from 'Swap' at bazel-out/aarch64-opt/bin/external/protobuf+/src/google/protobuf/_virtual_includes/protobuf_lite/google/protobuf/repeated_field.h:1318:25,
    inlined from 'Swap' at bazel-out/aarch64-opt/bin/external/protobuf+/src/google/protobuf/_virtual_includes/protobuf/google/protobuf/reflection_internal.h:209:37:
/usr/include/c++/13/bits/move.h:198:11: warning: writing 1 byte into a region of size 0 [-Wstringop-overflow=]
  198 |       __a = _GLIBCXX_MOVE(__b);
      |           ^
bazel-out/aarch64-opt/bin/external/protobuf+/src/google/protobuf/_virtual_includes/protobuf_lite/google/protobuf/repeated_field.h: In member function 'Swap':
bazel-out/aarch64-opt/bin/external/protobuf+/src/google/protobuf/_virtual_includes/protobuf_lite/google/protobuf/repeated_field.h:241:12: note: at offset 10 into destination object 'size_' of size 4
In function 'swap',
    inlined from 'iter_swap' at /usr/include/c++/13/bits/stl_algobase.h:185:11,
    inlined from 'swap_ranges' at /usr/include/c++/13/bits/stl_algobase.h:215:16,
    inlined from 'memswap' at bazel-out/aarch64-opt/bin/external/protobuf+/src/google/protobuf/_virtual_includes/protobuf_lite/google/protobuf/repeated_ptr_field.h:96:19,
    inlined from 'swap' at bazel-out/aarch64-opt/bin/external/protobuf+/src/google/protobuf/_virtual_includes/protobuf_lite/google/protobuf/repeated_field.h:234:64,
    inlined from 'InternalSwap' at bazel-out/aarch64-opt/bin/external/protobuf+/src/google/protobuf/_virtual_includes/protobuf_lite/google/protobuf/repeated_field.h:1287:16,
    inlined from 'UnsafeArenaSwap' at bazel-out/aarch64-opt/bin/external/protobuf+/src/google/protobuf/_virtual_includes/protobuf_lite/google/protobuf/repeated_field.h:1335:15,
    inlined from 'SwapFallbackWithTemp' at bazel-out/aarch64-opt/bin/external/protobuf+/src/google/protobuf/_virtual_includes/protobuf_lite/google/protobuf/repeated_field.h:1301:24,
    inlined from 'Swap' at bazel-out/aarch64-opt/bin/external/protobuf+/src/google/protobuf/_virtual_includes/protobuf_lite/google/protobuf/repeated_field.h:1318:25,
    inlined from 'Swap' at bazel-out/aarch64-opt/bin/external/protobuf+/src/google/protobuf/_virtual_includes/protobuf/google/protobuf/reflection_internal.h:209:37:
/usr/include/c++/13/bits/move.h:198:11: warning: writing 1 byte into a region of size 0 [-Wstringop-overflow=]
  198 |       __a = _GLIBCXX_MOVE(__b);
      |           ^
bazel-out/aarch64-opt/bin/external/protobuf+/src/google/protobuf/_virtual_includes/protobuf_lite/google/protobuf/repeated_field.h: In member function 'Swap':
bazel-out/aarch64-opt/bin/external/protobuf+/src/google/protobuf/_virtual_includes/protobuf_lite/google/protobuf/repeated_field.h:241:12: note: at offset 11 into destination object 'size_' of size 4
In function 'swap',
    inlined from 'iter_swap' at /usr/include/c++/13/bits/stl_algobase.h:185:11,
    inlined from 'swap_ranges' at /usr/include/c++/13/bits/stl_algobase.h:215:16,
    inlined from 'memswap' at bazel-out/aarch64-opt/bin/external/protobuf+/src/google/protobuf/_virtual_includes/protobuf_lite/google/protobuf/repeated_ptr_field.h:96:19,
    inlined from 'swap' at bazel-out/aarch64-opt/bin/external/protobuf+/src/google/protobuf/_virtual_includes/protobuf_lite/google/protobuf/repeated_field.h:234:64,
    inlined from 'InternalSwap' at bazel-out/aarch64-opt/bin/external/protobuf+/src/google/protobuf/_virtual_includes/protobuf_lite/google/protobuf/repeated_field.h:1287:16,
    inlined from 'Swap' at bazel-out/aarch64-opt/bin/external/protobuf+/src/google/protobuf/_virtual_includes/protobuf_lite/google/protobuf/repeated_field.h:1310:17,
    inlined from 'Swap' at bazel-out/aarch64-opt/bin/external/protobuf+/src/google/protobuf/_virtual_includes/protobuf/google/protobuf/reflection_internal.h:209:37:
/usr/include/c++/13/bits/move.h:198:11: warning: writing 1 byte into a region of size 0 [-Wstringop-overflow=]
  198 |       __a = _GLIBCXX_MOVE(__b);
      |           ^
bazel-out/aarch64-opt/bin/external/protobuf+/src/google/protobuf/_virtual_includes/protobuf_lite/google/protobuf/repeated_field.h: In member function 'Swap':
bazel-out/aarch64-opt/bin/external/protobuf+/src/google/protobuf/_virtual_includes/protobuf_lite/google/protobuf/repeated_field.h:241:12: note: at offset 8 into destination object 'size_' of size 4
In function 'swap',
    inlined from 'iter_swap' at /usr/include/c++/13/bits/stl_algobase.h:185:11,
    inlined from 'swap_ranges' at /usr/include/c++/13/bits/stl_algobase.h:215:16,
    inlined from 'memswap' at bazel-out/aarch64-opt/bin/external/protobuf+/src/google/protobuf/_virtual_includes/protobuf_lite/google/protobuf/repeated_ptr_field.h:96:19,
    inlined from 'swap' at bazel-out/aarch64-opt/bin/external/protobuf+/src/google/protobuf/_virtual_includes/protobuf_lite/google/protobuf/repeated_field.h:234:64,
    inlined from 'InternalSwap' at bazel-out/aarch64-opt/bin/external/protobuf+/src/google/protobuf/_virtual_includes/protobuf_lite/google/protobuf/repeated_field.h:1287:16,
    inlined from 'Swap' at bazel-out/aarch64-opt/bin/external/protobuf+/src/google/protobuf/_virtual_includes/protobuf_lite/google/protobuf/repeated_field.h:1310:17,
    inlined from 'Swap' at bazel-out/aarch64-opt/bin/external/protobuf+/src/google/protobuf/_virtual_includes/protobuf/google/protobuf/reflection_internal.h:209:37:
/usr/include/c++/13/bits/move.h:198:11: warning: writing 1 byte into a region of size 0 [-Wstringop-overflow=]
  198 |       __a = _GLIBCXX_MOVE(__b);
      |           ^
bazel-out/aarch64-opt/bin/external/protobuf+/src/google/protobuf/_virtual_includes/protobuf_lite/google/protobuf/repeated_field.h: In member function 'Swap':
bazel-out/aarch64-opt/bin/external/protobuf+/src/google/protobuf/_virtual_includes/protobuf_lite/google/protobuf/repeated_field.h:241:12: note: at offset 9 into destination object 'size_' of size 4
In function 'swap',
    inlined from 'iter_swap' at /usr/include/c++/13/bits/stl_algobase.h:185:11,
    inlined from 'swap_ranges' at /usr/include/c++/13/bits/stl_algobase.h:215:16,
    inlined from 'memswap' at bazel-out/aarch64-opt/bin/external/protobuf+/src/google/protobuf/_virtual_includes/protobuf_lite/google/protobuf/repeated_ptr_field.h:96:19,
    inlined from 'swap' at bazel-out/aarch64-opt/bin/external/protobuf+/src/google/protobuf/_virtual_includes/protobuf_lite/google/protobuf/repeated_field.h:234:64,
    inlined from 'InternalSwap' at bazel-out/aarch64-opt/bin/external/protobuf+/src/google/protobuf/_virtual_includes/protobuf_lite/google/protobuf/repeated_field.h:1287:16,
    inlined from 'Swap' at bazel-out/aarch64-opt/bin/external/protobuf+/src/google/protobuf/_virtual_includes/protobuf_lite/google/protobuf/repeated_field.h:1310:17,
    inlined from 'Swap' at bazel-out/aarch64-opt/bin/external/protobuf+/src/google/protobuf/_virtual_includes/protobuf/google/protobuf/reflection_internal.h:209:37:
/usr/include/c++/13/bits/move.h:198:11: warning: writing 1 byte into a region of size 0 [-Wstringop-overflow=]
  198 |       __a = _GLIBCXX_MOVE(__b);
      |           ^
bazel-out/aarch64-opt/bin/external/protobuf+/src/google/protobuf/_virtual_includes/protobuf_lite/google/protobuf/repeated_field.h: In member function 'Swap':
bazel-out/aarch64-opt/bin/external/protobuf+/src/google/protobuf/_virtual_includes/protobuf_lite/google/protobuf/repeated_field.h:241:12: note: at offset 10 into destination object 'size_' of size 4
In function 'swap',
    inlined from 'iter_swap' at /usr/include/c++/13/bits/stl_algobase.h:185:11,
    inlined from 'swap_ranges' at /usr/include/c++/13/bits/stl_algobase.h:215:16,
    inlined from 'memswap' at bazel-out/aarch64-opt/bin/external/protobuf+/src/google/protobuf/_virtual_includes/protobuf_lite/google/protobuf/repeated_ptr_field.h:96:19,
    inlined from 'swap' at bazel-out/aarch64-opt/bin/external/protobuf+/src/google/protobuf/_virtual_includes/protobuf_lite/google/protobuf/repeated_field.h:234:64,
    inlined from 'InternalSwap' at bazel-out/aarch64-opt/bin/external/protobuf+/src/google/protobuf/_virtual_includes/protobuf_lite/google/protobuf/repeated_field.h:1287:16,
    inlined from 'Swap' at bazel-out/aarch64-opt/bin/external/protobuf+/src/google/protobuf/_virtual_includes/protobuf_lite/google/protobuf/repeated_field.h:1310:17,
    inlined from 'Swap' at bazel-out/aarch64-opt/bin/external/protobuf+/src/google/protobuf/_virtual_includes/protobuf/google/protobuf/reflection_internal.h:209:37:
/usr/include/c++/13/bits/move.h:198:11: warning: writing 1 byte into a region of size 0 [-Wstringop-overflow=]
  198 |       __a = _GLIBCXX_MOVE(__b);
      |           ^
bazel-out/aarch64-opt/bin/external/protobuf+/src/google/protobuf/_virtual_includes/protobuf_lite/google/protobuf/repeated_field.h: In member function 'Swap':
bazel-out/aarch64-opt/bin/external/protobuf+/src/google/protobuf/_virtual_includes/protobuf_lite/google/protobuf/repeated_field.h:241:12: note: at offset 11 into destination object 'size_' of size 4
In function 'swap',
    inlined from 'iter_swap' at /usr/include/c++/13/bits/stl_algobase.h:185:11,
    inlined from 'swap_ranges' at /usr/include/c++/13/bits/stl_algobase.h:215:16,
    inlined from 'memswap' at bazel-out/aarch64-opt/bin/external/protobuf+/src/google/protobuf/_virtual_includes/protobuf_lite/google/protobuf/repeated_ptr_field.h:96:19,
    inlined from 'swap' at bazel-out/aarch64-opt/bin/external/protobuf+/src/google/protobuf/_virtual_includes/protobuf_lite/google/protobuf/repeated_field.h:234:64,
    inlined from 'InternalSwap' at bazel-out/aarch64-opt/bin/external/protobuf+/src/google/protobuf/_virtual_includes/protobuf_lite/google/protobuf/repeated_field.h:1287:16,
    inlined from 'UnsafeArenaSwap' at bazel-out/aarch64-opt/bin/external/protobuf+/src/google/protobuf/_virtual_includes/protobuf_lite/google/protobuf/repeated_field.h:1335:15,
    inlined from 'SwapFallbackWithTemp' at bazel-out/aarch64-opt/bin/external/protobuf+/src/google/protobuf/_virtual_includes/protobuf_lite/google/protobuf/repeated_field.h:1301:24,
    inlined from 'Swap' at bazel-out/aarch64-opt/bin/external/protobuf+/src/google/protobuf/_virtual_includes/protobuf_lite/google/protobuf/repeated_field.h:1318:25,
    inlined from 'Swap' at bazel-out/aarch64-opt/bin/external/protobuf+/src/google/protobuf/_virtual_includes/protobuf/google/protobuf/reflection_internal.h:209:37:
/usr/include/c++/13/bits/move.h:198:11: warning: writing 1 byte into a region of size 0 [-Wstringop-overflow=]
  198 |       __a = _GLIBCXX_MOVE(__b);
      |           ^
bazel-out/aarch64-opt/bin/external/protobuf+/src/google/protobuf/_virtual_includes/protobuf_lite/google/protobuf/repeated_field.h: In member function 'Swap':
bazel-out/aarch64-opt/bin/external/protobuf+/src/google/protobuf/_virtual_includes/protobuf_lite/google/protobuf/repeated_field.h:241:12: note: at offset 8 into destination object 'size_' of size 4
In function 'swap',
    inlined from 'iter_swap' at /usr/include/c++/13/bits/stl_algobase.h:185:11,
    inlined from 'swap_ranges' at /usr/include/c++/13/bits/stl_algobase.h:215:16,
    inlined from 'memswap' at bazel-out/aarch64-opt/bin/external/protobuf+/src/google/protobuf/_virtual_includes/protobuf_lite/google/protobuf/repeated_ptr_field.h:96:19,
    inlined from 'swap' at bazel-out/aarch64-opt/bin/external/protobuf+/src/google/protobuf/_virtual_includes/protobuf_lite/google/protobuf/repeated_field.h:234:64,
    inlined from 'InternalSwap' at bazel-out/aarch64-opt/bin/external/protobuf+/src/google/protobuf/_virtual_includes/protobuf_lite/google/protobuf/repeated_field.h:1287:16,
    inlined from 'UnsafeArenaSwap' at bazel-out/aarch64-opt/bin/external/protobuf+/src/google/protobuf/_virtual_includes/protobuf_lite/google/protobuf/repeated_field.h:1335:15,
    inlined from 'SwapFallbackWithTemp' at bazel-out/aarch64-opt/bin/external/protobuf+/src/google/protobuf/_virtual_includes/protobuf_lite/google/protobuf/repeated_field.h:1301:24,
    inlined from 'Swap' at bazel-out/aarch64-opt/bin/external/protobuf+/src/google/protobuf/_virtual_includes/protobuf_lite/google/protobuf/repeated_field.h:1318:25,
    inlined from 'Swap' at bazel-out/aarch64-opt/bin/external/protobuf+/src/google/protobuf/_virtual_includes/protobuf/google/protobuf/reflection_internal.h:209:37:
/usr/include/c++/13/bits/move.h:198:11: warning: writing 1 byte into a region of size 0 [-Wstringop-overflow=]
  198 |       __a = _GLIBCXX_MOVE(__b);
      |           ^
bazel-out/aarch64-opt/bin/external/protobuf+/src/google/protobuf/_virtual_includes/protobuf_lite/google/protobuf/repeated_field.h: In member function 'Swap':
bazel-out/aarch64-opt/bin/external/protobuf+/src/google/protobuf/_virtual_includes/protobuf_lite/google/protobuf/repeated_field.h:241:12: note: at offset 9 into destination object 'size_' of size 4
In function 'swap',
    inlined from 'iter_swap' at /usr/include/c++/13/bits/stl_algobase.h:185:11,
    inlined from 'swap_ranges' at /usr/include/c++/13/bits/stl_algobase.h:215:16,
    inlined from 'memswap' at bazel-out/aarch64-opt/bin/external/protobuf+/src/google/protobuf/_virtual_includes/protobuf_lite/google/protobuf/repeated_ptr_field.h:96:19,
    inlined from 'swap' at bazel-out/aarch64-opt/bin/external/protobuf+/src/google/protobuf/_virtual_includes/protobuf_lite/google/protobuf/repeated_field.h:234:64,
    inlined from 'InternalSwap' at bazel-out/aarch64-opt/bin/external/protobuf+/src/google/protobuf/_virtual_includes/protobuf_lite/google/protobuf/repeated_field.h:1287:16,
    inlined from 'UnsafeArenaSwap' at bazel-out/aarch64-opt/bin/external/protobuf+/src/google/protobuf/_virtual_includes/protobuf_lite/google/protobuf/repeated_field.h:1335:15,
    inlined from 'SwapFallbackWithTemp' at bazel-out/aarch64-opt/bin/external/protobuf+/src/google/protobuf/_virtual_includes/protobuf_lite/google/protobuf/repeated_field.h:1301:24,
    inlined from 'Swap' at bazel-out/aarch64-opt/bin/external/protobuf+/src/google/protobuf/_virtual_includes/protobuf_lite/google/protobuf/repeated_field.h:1318:25,
    inlined from 'Swap' at bazel-out/aarch64-opt/bin/external/protobuf+/src/google/protobuf/_virtual_includes/protobuf/google/protobuf/reflection_internal.h:209:37:
/usr/include/c++/13/bits/move.h:198:11: warning: writing 1 byte into a region of size 0 [-Wstringop-overflow=]
  198 |       __a = _GLIBCXX_MOVE(__b);
      |           ^
bazel-out/aarch64-opt/bin/external/protobuf+/src/google/protobuf/_virtual_includes/protobuf_lite/google/protobuf/repeated_field.h: In member function 'Swap':
bazel-out/aarch64-opt/bin/external/protobuf+/src/google/protobuf/_virtual_includes/protobuf_lite/google/protobuf/repeated_field.h:241:12: note: at offset 10 into destination object 'size_' of size 4
In function 'swap',
    inlined from 'iter_swap' at /usr/include/c++/13/bits/stl_algobase.h:185:11,
    inlined from 'swap_ranges' at /usr/include/c++/13/bits/stl_algobase.h:215:16,
    inlined from 'memswap' at bazel-out/aarch64-opt/bin/external/protobuf+/src/google/protobuf/_virtual_includes/protobuf_lite/google/protobuf/repeated_ptr_field.h:96:19,
    inlined from 'swap' at bazel-out/aarch64-opt/bin/external/protobuf+/src/google/protobuf/_virtual_includes/protobuf_lite/google/protobuf/repeated_field.h:234:64,
    inlined from 'InternalSwap' at bazel-out/aarch64-opt/bin/external/protobuf+/src/google/protobuf/_virtual_includes/protobuf_lite/google/protobuf/repeated_field.h:1287:16,
    inlined from 'UnsafeArenaSwap' at bazel-out/aarch64-opt/bin/external/protobuf+/src/google/protobuf/_virtual_includes/protobuf_lite/google/protobuf/repeated_field.h:1335:15,
    inlined from 'SwapFallbackWithTemp' at bazel-out/aarch64-opt/bin/external/protobuf+/src/google/protobuf/_virtual_includes/protobuf_lite/google/protobuf/repeated_field.h:1301:24,
    inlined from 'Swap' at bazel-out/aarch64-opt/bin/external/protobuf+/src/google/protobuf/_virtual_includes/protobuf_lite/google/protobuf/repeated_field.h:1318:25,
    inlined from 'Swap' at bazel-out/aarch64-opt/bin/external/protobuf+/src/google/protobuf/_virtual_includes/protobuf/google/protobuf/reflection_internal.h:209:37:
/usr/include/c++/13/bits/move.h:198:11: warning: writing 1 byte into a region of size 0 [-Wstringop-overflow=]
  198 |       __a = _GLIBCXX_MOVE(__b);
      |           ^
bazel-out/aarch64-opt/bin/external/protobuf+/src/google/protobuf/_virtual_includes/protobuf_lite/google/protobuf/repeated_field.h: In member function 'Swap':
bazel-out/aarch64-opt/bin/external/protobuf+/src/google/protobuf/_virtual_includes/protobuf_lite/google/protobuf/repeated_field.h:241:12: note: at offset 11 into destination object 'size_' of size 4
In function 'swap',
    inlined from 'iter_swap' at /usr/include/c++/13/bits/stl_algobase.h:185:11,
    inlined from 'swap_ranges' at /usr/include/c++/13/bits/stl_algobase.h:215:16,
    inlined from 'memswap' at bazel-out/aarch64-opt/bin/external/protobuf+/src/google/protobuf/_virtual_includes/protobuf_lite/google/protobuf/repeated_ptr_field.h:96:19,
    inlined from 'swap' at bazel-out/aarch64-opt/bin/external/protobuf+/src/google/protobuf/_virtual_includes/protobuf_lite/google/protobuf/repeated_field.h:234:64,
    inlined from 'InternalSwap' at bazel-out/aarch64-opt/bin/external/protobuf+/src/google/protobuf/_virtual_includes/protobuf_lite/google/protobuf/repeated_field.h:1287:16,
    inlined from 'UnsafeArenaSwap' at bazel-out/aarch64-opt/bin/external/protobuf+/src/google/protobuf/_virtual_includes/protobuf_lite/google/protobuf/repeated_field.h:1335:15,
    inlined from 'SwapFallbackWithTemp' at bazel-out/aarch64-opt/bin/external/protobuf+/src/google/protobuf/_virtual_includes/protobuf_lite/google/protobuf/repeated_field.h:1301:24,
    inlined from 'Swap' at bazel-out/aarch64-opt/bin/external/protobuf+/src/google/protobuf/_virtual_includes/protobuf_lite/google/protobuf/repeated_field.h:1327:25,
    inlined from 'Swap' at bazel-out/aarch64-opt/bin/external/protobuf+/src/google/protobuf/_virtual_includes/protobuf/google/protobuf/reflection_internal.h:209:37:
/usr/include/c++/13/bits/move.h:198:11: warning: writing 1 byte into a region of size 0 [-Wstringop-overflow=]
  198 |       __a = _GLIBCXX_MOVE(__b);
      |           ^
bazel-out/aarch64-opt/bin/external/protobuf+/src/google/protobuf/_virtual_includes/protobuf_lite/google/protobuf/repeated_field.h: In member function 'Swap':
bazel-out/aarch64-opt/bin/external/protobuf+/src/google/protobuf/_virtual_includes/protobuf_lite/google/protobuf/repeated_field.h:241:12: note: at offset 8 into destination object 'size_' of size 4
In function 'swap',
    inlined from 'iter_swap' at /usr/include/c++/13/bits/stl_algobase.h:185:11,
    inlined from 'swap_ranges' at /usr/include/c++/13/bits/stl_algobase.h:215:16,
    inlined from 'memswap' at bazel-out/aarch64-opt/bin/external/protobuf+/src/google/protobuf/_virtual_includes/protobuf_lite/google/protobuf/repeated_ptr_field.h:96:19,
    inlined from 'swap' at bazel-out/aarch64-opt/bin/external/protobuf+/src/google/protobuf/_virtual_includes/protobuf_lite/google/protobuf/repeated_field.h:234:64,
    inlined from 'InternalSwap' at bazel-out/aarch64-opt/bin/external/protobuf+/src/google/protobuf/_virtual_includes/protobuf_lite/google/protobuf/repeated_field.h:1287:16,
    inlined from 'UnsafeArenaSwap' at bazel-out/aarch64-opt/bin/external/protobuf+/src/google/protobuf/_virtual_includes/protobuf_lite/google/protobuf/repeated_field.h:1335:15,
    inlined from 'SwapFallbackWithTemp' at bazel-out/aarch64-opt/bin/external/protobuf+/src/google/protobuf/_virtual_includes/protobuf_lite/google/protobuf/repeated_field.h:1301:24,
    inlined from 'Swap' at bazel-out/aarch64-opt/bin/external/protobuf+/src/google/protobuf/_virtual_includes/protobuf_lite/google/protobuf/repeated_field.h:1327:25,
    inlined from 'Swap' at bazel-out/aarch64-opt/bin/external/protobuf+/src/google/protobuf/_virtual_includes/protobuf/google/protobuf/reflection_internal.h:209:37:
/usr/include/c++/13/bits/move.h:198:11: warning: writing 1 byte into a region of size 0 [-Wstringop-overflow=]
  198 |       __a = _GLIBCXX_MOVE(__b);
      |           ^
bazel-out/aarch64-opt/bin/external/protobuf+/src/google/protobuf/_virtual_includes/protobuf_lite/google/protobuf/repeated_field.h: In member function 'Swap':
bazel-out/aarch64-opt/bin/external/protobuf+/src/google/protobuf/_virtual_includes/protobuf_lite/google/protobuf/repeated_field.h:241:12: note: at offset 9 into destination object 'size_' of size 4
In function 'swap',
    inlined from 'iter_swap' at /usr/include/c++/13/bits/stl_algobase.h:185:11,
    inlined from 'swap_ranges' at /usr/include/c++/13/bits/stl_algobase.h:215:16,
    inlined from 'memswap' at bazel-out/aarch64-opt/bin/external/protobuf+/src/google/protobuf/_virtual_includes/protobuf_lite/google/protobuf/repeated_ptr_field.h:96:19,
    inlined from 'swap' at bazel-out/aarch64-opt/bin/external/protobuf+/src/google/protobuf/_virtual_includes/protobuf_lite/google/protobuf/repeated_field.h:234:64,
    inlined from 'InternalSwap' at bazel-out/aarch64-opt/bin/external/protobuf+/src/google/protobuf/_virtual_includes/protobuf_lite/google/protobuf/repeated_field.h:1287:16,
    inlined from 'UnsafeArenaSwap' at bazel-out/aarch64-opt/bin/external/protobuf+/src/google/protobuf/_virtual_includes/protobuf_lite/google/protobuf/repeated_field.h:1335:15,
    inlined from 'SwapFallbackWithTemp' at bazel-out/aarch64-opt/bin/external/protobuf+/src/google/protobuf/_virtual_includes/protobuf_lite/google/protobuf/repeated_field.h:1301:24,
    inlined from 'Swap' at bazel-out/aarch64-opt/bin/external/protobuf+/src/google/protobuf/_virtual_includes/protobuf_lite/google/protobuf/repeated_field.h:1327:25,
    inlined from 'Swap' at bazel-out/aarch64-opt/bin/external/protobuf+/src/google/protobuf/_virtual_includes/protobuf/google/protobuf/reflection_internal.h:209:37:
/usr/include/c++/13/bits/move.h:198:11: warning: writing 1 byte into a region of size 0 [-Wstringop-overflow=]
  198 |       __a = _GLIBCXX_MOVE(__b);
      |           ^
bazel-out/aarch64-opt/bin/external/protobuf+/src/google/protobuf/_virtual_includes/protobuf_lite/google/protobuf/repeated_field.h: In member function 'Swap':
bazel-out/aarch64-opt/bin/external/protobuf+/src/google/protobuf/_virtual_includes/protobuf_lite/google/protobuf/repeated_field.h:241:12: note: at offset 10 into destination object 'size_' of size 4
In function 'swap',
    inlined from 'iter_swap' at /usr/include/c++/13/bits/stl_algobase.h:185:11,
    inlined from 'swap_ranges' at /usr/include/c++/13/bits/stl_algobase.h:215:16,
    inlined from 'memswap' at bazel-out/aarch64-opt/bin/external/protobuf+/src/google/protobuf/_virtual_includes/protobuf_lite/google/protobuf/repeated_ptr_field.h:96:19,
    inlined from 'swap' at bazel-out/aarch64-opt/bin/external/protobuf+/src/google/protobuf/_virtual_includes/protobuf_lite/google/protobuf/repeated_field.h:234:64,
    inlined from 'InternalSwap' at bazel-out/aarch64-opt/bin/external/protobuf+/src/google/protobuf/_virtual_includes/protobuf_lite/google/protobuf/repeated_field.h:1287:16,
    inlined from 'UnsafeArenaSwap' at bazel-out/aarch64-opt/bin/external/protobuf+/src/google/protobuf/_virtual_includes/protobuf_lite/google/protobuf/repeated_field.h:1335:15,
    inlined from 'SwapFallbackWithTemp' at bazel-out/aarch64-opt/bin/external/protobuf+/src/google/protobuf/_virtual_includes/protobuf_lite/google/protobuf/repeated_field.h:1301:24,
    inlined from 'Swap' at bazel-out/aarch64-opt/bin/external/protobuf+/src/google/protobuf/_virtual_includes/protobuf_lite/google/protobuf/repeated_field.h:1327:25,
    inlined from 'Swap' at bazel-out/aarch64-opt/bin/external/protobuf+/src/google/protobuf/_virtual_includes/protobuf/google/protobuf/reflection_internal.h:209:37:
/usr/include/c++/13/bits/move.h:198:11: warning: writing 1 byte into a region of size 0 [-Wstringop-overflow=]
  198 |       __a = _GLIBCXX_MOVE(__b);
      |           ^
bazel-out/aarch64-opt/bin/external/protobuf+/src/google/protobuf/_virtual_includes/protobuf_lite/google/protobuf/repeated_field.h: In member function 'Swap':
bazel-out/aarch64-opt/bin/external/protobuf+/src/google/protobuf/_virtual_includes/protobuf_lite/google/protobuf/repeated_field.h:241:12: note: at offset 11 into destination object 'size_' of size 4
In function 'swap',
    inlined from 'iter_swap' at /usr/include/c++/13/bits/stl_algobase.h:185:11,
    inlined from 'swap_ranges' at /usr/include/c++/13/bits/stl_algobase.h:215:16,
    inlined from 'memswap' at bazel-out/aarch64-opt/bin/external/protobuf+/src/google/protobuf/_virtual_includes/protobuf_lite/google/protobuf/repeated_ptr_field.h:96:19,
    inlined from 'swap' at bazel-out/aarch64-opt/bin/external/protobuf+/src/google/protobuf/_virtual_includes/protobuf_lite/google/protobuf/repeated_field.h:234:64,
    inlined from 'InternalSwap' at bazel-out/aarch64-opt/bin/external/protobuf+/src/google/protobuf/_virtual_includes/protobuf_lite/google/protobuf/repeated_field.h:1287:16,
    inlined from 'Swap' at bazel-out/aarch64-opt/bin/external/protobuf+/src/google/protobuf/_virtual_includes/protobuf_lite/google/protobuf/repeated_field.h:1310:17,
    inlined from 'Swap' at bazel-out/aarch64-opt/bin/external/protobuf+/src/google/protobuf/_virtual_includes/protobuf/google/protobuf/reflection_internal.h:209:37:
/usr/include/c++/13/bits/move.h:198:11: warning: writing 1 byte into a region of size 0 [-Wstringop-overflow=]
  198 |       __a = _GLIBCXX_MOVE(__b);
      |           ^
bazel-out/aarch64-opt/bin/external/protobuf+/src/google/protobuf/_virtual_includes/protobuf_lite/google/protobuf/repeated_field.h: In member function 'Swap':
bazel-out/aarch64-opt/bin/external/protobuf+/src/google/protobuf/_virtual_includes/protobuf_lite/google/protobuf/repeated_field.h:241:12: note: at offset 8 into destination object 'size_' of size 4
In function 'swap',
    inlined from 'iter_swap' at /usr/include/c++/13/bits/stl_algobase.h:185:11,
    inlined from 'swap_ranges' at /usr/include/c++/13/bits/stl_algobase.h:215:16,
    inlined from 'memswap' at bazel-out/aarch64-opt/bin/external/protobuf+/src/google/protobuf/_virtual_includes/protobuf_lite/google/protobuf/repeated_ptr_field.h:96:19,
    inlined from 'swap' at bazel-out/aarch64-opt/bin/external/protobuf+/src/google/protobuf/_virtual_includes/protobuf_lite/google/protobuf/repeated_field.h:234:64,
    inlined from 'InternalSwap' at bazel-out/aarch64-opt/bin/external/protobuf+/src/google/protobuf/_virtual_includes/protobuf_lite/google/protobuf/repeated_field.h:1287:16,
    inlined from 'Swap' at bazel-out/aarch64-opt/bin/external/protobuf+/src/google/protobuf/_virtual_includes/protobuf_lite/google/protobuf/repeated_field.h:1310:17,
    inlined from 'Swap' at bazel-out/aarch64-opt/bin/external/protobuf+/src/google/protobuf/_virtual_includes/protobuf/google/protobuf/reflection_internal.h:209:37:
/usr/include/c++/13/bits/move.h:198:11: warning: writing 1 byte into a region of size 0 [-Wstringop-overflow=]
  198 |       __a = _GLIBCXX_MOVE(__b);
      |           ^
bazel-out/aarch64-opt/bin/external/protobuf+/src/google/protobuf/_virtual_includes/protobuf_lite/google/protobuf/repeated_field.h: In member function 'Swap':
bazel-out/aarch64-opt/bin/external/protobuf+/src/google/protobuf/_virtual_includes/protobuf_lite/google/protobuf/repeated_field.h:241:12: note: at offset 9 into destination object 'size_' of size 4
In function 'swap',
    inlined from 'iter_swap' at /usr/include/c++/13/bits/stl_algobase.h:185:11,
    inlined from 'swap_ranges' at /usr/include/c++/13/bits/stl_algobase.h:215:16,
    inlined from 'memswap' at bazel-out/aarch64-opt/bin/external/protobuf+/src/google/protobuf/_virtual_includes/protobuf_lite/google/protobuf/repeated_ptr_field.h:96:19,
    inlined from 'swap' at bazel-out/aarch64-opt/bin/external/protobuf+/src/google/protobuf/_virtual_includes/protobuf_lite/google/protobuf/repeated_field.h:234:64,
    inlined from 'InternalSwap' at bazel-out/aarch64-opt/bin/external/protobuf+/src/google/protobuf/_virtual_includes/protobuf_lite/google/protobuf/repeated_field.h:1287:16,
    inlined from 'Swap' at bazel-out/aarch64-opt/bin/external/protobuf+/src/google/protobuf/_virtual_includes/protobuf_lite/google/protobuf/repeated_field.h:1310:17,
    inlined from 'Swap' at bazel-out/aarch64-opt/bin/external/protobuf+/src/google/protobuf/_virtual_includes/protobuf/google/protobuf/reflection_internal.h:209:37:
/usr/include/c++/13/bits/move.h:198:11: warning: writing 1 byte into a region of size 0 [-Wstringop-overflow=]
  198 |       __a = _GLIBCXX_MOVE(__b);
      |           ^
bazel-out/aarch64-opt/bin/external/protobuf+/src/google/protobuf/_virtual_includes/protobuf_lite/google/protobuf/repeated_field.h: In member function 'Swap':
bazel-out/aarch64-opt/bin/external/protobuf+/src/google/protobuf/_virtual_includes/protobuf_lite/google/protobuf/repeated_field.h:241:12: note: at offset 10 into destination object 'size_' of size 4
In function 'swap',
    inlined from 'iter_swap' at /usr/include/c++/13/bits/stl_algobase.h:185:11,
    inlined from 'swap_ranges' at /usr/include/c++/13/bits/stl_algobase.h:215:16,
    inlined from 'memswap' at bazel-out/aarch64-opt/bin/external/protobuf+/src/google/protobuf/_virtual_includes/protobuf_lite/google/protobuf/repeated_ptr_field.h:96:19,
    inlined from 'swap' at bazel-out/aarch64-opt/bin/external/protobuf+/src/google/protobuf/_virtual_includes/protobuf_lite/google/protobuf/repeated_field.h:234:64,
    inlined from 'InternalSwap' at bazel-out/aarch64-opt/bin/external/protobuf+/src/google/protobuf/_virtual_includes/protobuf_lite/google/protobuf/repeated_field.h:1287:16,
    inlined from 'Swap' at bazel-out/aarch64-opt/bin/external/protobuf+/src/google/protobuf/_virtual_includes/protobuf_lite/google/protobuf/repeated_field.h:1310:17,
    inlined from 'Swap' at bazel-out/aarch64-opt/bin/external/protobuf+/src/google/protobuf/_virtual_includes/protobuf/google/protobuf/reflection_internal.h:209:37:
/usr/include/c++/13/bits/move.h:198:11: warning: writing 1 byte into a region of size 0 [-Wstringop-overflow=]
  198 |       __a = _GLIBCXX_MOVE(__b);
      |           ^
bazel-out/aarch64-opt/bin/external/protobuf+/src/google/protobuf/_virtual_includes/protobuf_lite/google/protobuf/repeated_field.h: In member function 'Swap':
bazel-out/aarch64-opt/bin/external/protobuf+/src/google/protobuf/_virtual_includes/protobuf_lite/google/protobuf/repeated_field.h:241:12: note: at offset 11 into destination object 'size_' of size 4
In function 'swap',
    inlined from 'iter_swap' at /usr/include/c++/13/bits/stl_algobase.h:185:11,
    inlined from 'swap_ranges' at /usr/include/c++/13/bits/stl_algobase.h:215:16,
    inlined from 'memswap' at bazel-out/aarch64-opt/bin/external/protobuf+/src/google/protobuf/_virtual_includes/protobuf_lite/google/protobuf/repeated_ptr_field.h:96:19,
    inlined from 'swap' at bazel-out/aarch64-opt/bin/external/protobuf+/src/google/protobuf/_virtual_includes/protobuf_lite/google/protobuf/repeated_field.h:234:64,
    inlined from 'InternalSwap' at bazel-out/aarch64-opt/bin/external/protobuf+/src/google/protobuf/_virtual_includes/protobuf_lite/google/protobuf/repeated_field.h:1287:16,
    inlined from 'UnsafeArenaSwap' at bazel-out/aarch64-opt/bin/external/protobuf+/src/google/protobuf/_virtual_includes/protobuf_lite/google/protobuf/repeated_field.h:1335:15,
    inlined from 'SwapFallbackWithTemp' at bazel-out/aarch64-opt/bin/external/protobuf+/src/google/protobuf/_virtual_includes/protobuf_lite/google/protobuf/repeated_field.h:1301:24,
    inlined from 'Swap' at bazel-out/aarch64-opt/bin/external/protobuf+/src/google/protobuf/_virtual_includes/protobuf_lite/google/protobuf/repeated_field.h:1318:25:
/usr/include/c++/13/bits/move.h:199:11: warning: writing 1 byte into a region of size 0 [-Wstringop-overflow=]
  199 |       __b = _GLIBCXX_MOVE(__tmp);
      |           ^
bazel-out/aarch64-opt/bin/external/protobuf+/src/google/protobuf/_virtual_includes/protobuf_lite/google/protobuf/repeated_field.h: In member function 'Swap':
bazel-out/aarch64-opt/bin/external/protobuf+/src/google/protobuf/_virtual_includes/protobuf_lite/google/protobuf/repeated_field.h:241:12: note: at offset 8 into destination object 'size_' of size 4
In function 'swap',
    inlined from 'iter_swap' at /usr/include/c++/13/bits/stl_algobase.h:185:11,
    inlined from 'swap_ranges' at /usr/include/c++/13/bits/stl_algobase.h:215:16,
    inlined from 'memswap' at bazel-out/aarch64-opt/bin/external/protobuf+/src/google/protobuf/_virtual_includes/protobuf_lite/google/protobuf/repeated_ptr_field.h:96:19,
    inlined from 'swap' at bazel-out/aarch64-opt/bin/external/protobuf+/src/google/protobuf/_virtual_includes/protobuf_lite/google/protobuf/repeated_field.h:234:64,
    inlined from 'InternalSwap' at bazel-out/aarch64-opt/bin/external/protobuf+/src/google/protobuf/_virtual_includes/protobuf_lite/google/protobuf/repeated_field.h:1287:16,
    inlined from 'UnsafeArenaSwap' at bazel-out/aarch64-opt/bin/external/protobuf+/src/google/protobuf/_virtual_includes/protobuf_lite/google/protobuf/repeated_field.h:1335:15,
    inlined from 'SwapFallbackWithTemp' at bazel-out/aarch64-opt/bin/external/protobuf+/src/google/protobuf/_virtual_includes/protobuf_lite/google/protobuf/repeated_field.h:1301:24,
    inlined from 'Swap' at bazel-out/aarch64-opt/bin/external/protobuf+/src/google/protobuf/_virtual_includes/protobuf_lite/google/protobuf/repeated_field.h:1318:25:
/usr/include/c++/13/bits/move.h:199:11: warning: writing 1 byte into a region of size 0 [-Wstringop-overflow=]
  199 |       __b = _GLIBCXX_MOVE(__tmp);
      |           ^
bazel-out/aarch64-opt/bin/external/protobuf+/src/google/protobuf/_virtual_includes/protobuf_lite/google/protobuf/repeated_field.h: In member function 'Swap':
bazel-out/aarch64-opt/bin/external/protobuf+/src/google/protobuf/_virtual_includes/protobuf_lite/google/protobuf/repeated_field.h:241:12: note: at offset 9 into destination object 'size_' of size 4
In function 'swap',
    inlined from 'iter_swap' at /usr/include/c++/13/bits/stl_algobase.h:185:11,
    inlined from 'swap_ranges' at /usr/include/c++/13/bits/stl_algobase.h:215:16,
    inlined from 'memswap' at bazel-out/aarch64-opt/bin/external/protobuf+/src/google/protobuf/_virtual_includes/protobuf_lite/google/protobuf/repeated_ptr_field.h:96:19,
    inlined from 'swap' at bazel-out/aarch64-opt/bin/external/protobuf+/src/google/protobuf/_virtual_includes/protobuf_lite/google/protobuf/repeated_field.h:234:64,
    inlined from 'InternalSwap' at bazel-out/aarch64-opt/bin/external/protobuf+/src/google/protobuf/_virtual_includes/protobuf_lite/google/protobuf/repeated_field.h:1287:16,
    inlined from 'UnsafeArenaSwap' at bazel-out/aarch64-opt/bin/external/protobuf+/src/google/protobuf/_virtual_includes/protobuf_lite/google/protobuf/repeated_field.h:1335:15,
    inlined from 'SwapFallbackWithTemp' at bazel-out/aarch64-opt/bin/external/protobuf+/src/google/protobuf/_virtual_includes/protobuf_lite/google/protobuf/repeated_field.h:1301:24,
    inlined from 'Swap' at bazel-out/aarch64-opt/bin/external/protobuf+/src/google/protobuf/_virtual_includes/protobuf_lite/google/protobuf/repeated_field.h:1318:25:
/usr/include/c++/13/bits/move.h:199:11: warning: writing 1 byte into a region of size 0 [-Wstringop-overflow=]
  199 |       __b = _GLIBCXX_MOVE(__tmp);
      |           ^
bazel-out/aarch64-opt/bin/external/protobuf+/src/google/protobuf/_virtual_includes/protobuf_lite/google/protobuf/repeated_field.h: In member function 'Swap':
bazel-out/aarch64-opt/bin/external/protobuf+/src/google/protobuf/_virtual_includes/protobuf_lite/google/protobuf/repeated_field.h:241:12: note: at offset 10 into destination object 'size_' of size 4
In function 'swap',
    inlined from 'iter_swap' at /usr/include/c++/13/bits/stl_algobase.h:185:11,
    inlined from 'swap_ranges' at /usr/include/c++/13/bits/stl_algobase.h:215:16,
    inlined from 'memswap' at bazel-out/aarch64-opt/bin/external/protobuf+/src/google/protobuf/_virtual_includes/protobuf_lite/google/protobuf/repeated_ptr_field.h:96:19,
    inlined from 'swap' at bazel-out/aarch64-opt/bin/external/protobuf+/src/google/protobuf/_virtual_includes/protobuf_lite/google/protobuf/repeated_field.h:234:64,
    inlined from 'InternalSwap' at bazel-out/aarch64-opt/bin/external/protobuf+/src/google/protobuf/_virtual_includes/protobuf_lite/google/protobuf/repeated_field.h:1287:16,
    inlined from 'UnsafeArenaSwap' at bazel-out/aarch64-opt/bin/external/protobuf+/src/google/protobuf/_virtual_includes/protobuf_lite/google/protobuf/repeated_field.h:1335:15,
    inlined from 'SwapFallbackWithTemp' at bazel-out/aarch64-opt/bin/external/protobuf+/src/google/protobuf/_virtual_includes/protobuf_lite/google/protobuf/repeated_field.h:1301:24,
    inlined from 'Swap' at bazel-out/aarch64-opt/bin/external/protobuf+/src/google/protobuf/_virtual_includes/protobuf_lite/google/protobuf/repeated_field.h:1318:25:
/usr/include/c++/13/bits/move.h:199:11: warning: writing 1 byte into a region of size 0 [-Wstringop-overflow=]
  199 |       __b = _GLIBCXX_MOVE(__tmp);
      |           ^
bazel-out/aarch64-opt/bin/external/protobuf+/src/google/protobuf/_virtual_includes/protobuf_lite/google/protobuf/repeated_field.h: In member function 'Swap':
bazel-out/aarch64-opt/bin/external/protobuf+/src/google/protobuf/_virtual_includes/protobuf_lite/google/protobuf/repeated_field.h:241:12: note: at offset 11 into destination object 'size_' of size 4
In function 'swap',
    inlined from 'iter_swap' at /usr/include/c++/13/bits/stl_algobase.h:185:11,
    inlined from 'swap_ranges' at /usr/include/c++/13/bits/stl_algobase.h:215:16,
    inlined from 'memswap' at bazel-out/aarch64-opt/bin/external/protobuf+/src/google/protobuf/_virtual_includes/protobuf_lite/google/protobuf/repeated_ptr_field.h:96:19,
    inlined from 'swap' at bazel-out/aarch64-opt/bin/external/protobuf+/src/google/protobuf/_virtual_includes/protobuf_lite/google/protobuf/repeated_field.h:234:64,
    inlined from 'InternalSwap' at bazel-out/aarch64-opt/bin/external/protobuf+/src/google/protobuf/_virtual_includes/protobuf_lite/google/protobuf/repeated_field.h:1287:16,
    inlined from 'Swap' at bazel-out/aarch64-opt/bin/external/protobuf+/src/google/protobuf/_virtual_includes/protobuf_lite/google/protobuf/repeated_field.h:1310:17:
/usr/include/c++/13/bits/move.h:198:11: warning: writing 1 byte into a region of size 0 [-Wstringop-overflow=]
  198 |       __a = _GLIBCXX_MOVE(__b);
      |           ^
bazel-out/aarch64-opt/bin/external/protobuf+/src/google/protobuf/_virtual_includes/protobuf_lite/google/protobuf/repeated_field.h: In member function 'Swap':
bazel-out/aarch64-opt/bin/external/protobuf+/src/google/protobuf/_virtual_includes/protobuf_lite/google/protobuf/repeated_field.h:241:12: note: at offset 8 into destination object 'size_' of size 4
In function 'swap',
    inlined from 'iter_swap' at /usr/include/c++/13/bits/stl_algobase.h:185:11,
    inlined from 'swap_ranges' at /usr/include/c++/13/bits/stl_algobase.h:215:16,
    inlined from 'memswap' at bazel-out/aarch64-opt/bin/external/protobuf+/src/google/protobuf/_virtual_includes/protobuf_lite/google/protobuf/repeated_ptr_field.h:96:19,
    inlined from 'swap' at bazel-out/aarch64-opt/bin/external/protobuf+/src/google/protobuf/_virtual_includes/protobuf_lite/google/protobuf/repeated_field.h:234:64,
    inlined from 'InternalSwap' at bazel-out/aarch64-opt/bin/external/protobuf+/src/google/protobuf/_virtual_includes/protobuf_lite/google/protobuf/repeated_field.h:1287:16,
    inlined from 'Swap' at bazel-out/aarch64-opt/bin/external/protobuf+/src/google/protobuf/_virtual_includes/protobuf_lite/google/protobuf/repeated_field.h:1310:17:
/usr/include/c++/13/bits/move.h:198:11: warning: writing 1 byte into a region of size 0 [-Wstringop-overflow=]
  198 |       __a = _GLIBCXX_MOVE(__b);
      |           ^
bazel-out/aarch64-opt/bin/external/protobuf+/src/google/protobuf/_virtual_includes/protobuf_lite/google/protobuf/repeated_field.h: In member function 'Swap':
bazel-out/aarch64-opt/bin/external/protobuf+/src/google/protobuf/_virtual_includes/protobuf_lite/google/protobuf/repeated_field.h:241:12: note: at offset 9 into destination object 'size_' of size 4
In function 'swap',
    inlined from 'iter_swap' at /usr/include/c++/13/bits/stl_algobase.h:185:11,
    inlined from 'swap_ranges' at /usr/include/c++/13/bits/stl_algobase.h:215:16,
    inlined from 'memswap' at bazel-out/aarch64-opt/bin/external/protobuf+/src/google/protobuf/_virtual_includes/protobuf_lite/google/protobuf/repeated_ptr_field.h:96:19,
    inlined from 'swap' at bazel-out/aarch64-opt/bin/external/protobuf+/src/google/protobuf/_virtual_includes/protobuf_lite/google/protobuf/repeated_field.h:234:64,
    inlined from 'InternalSwap' at bazel-out/aarch64-opt/bin/external/protobuf+/src/google/protobuf/_virtual_includes/protobuf_lite/google/protobuf/repeated_field.h:1287:16,
    inlined from 'Swap' at bazel-out/aarch64-opt/bin/external/protobuf+/src/google/protobuf/_virtual_includes/protobuf_lite/google/protobuf/repeated_field.h:1310:17:
/usr/include/c++/13/bits/move.h:198:11: warning: writing 1 byte into a region of size 0 [-Wstringop-overflow=]
  198 |       __a = _GLIBCXX_MOVE(__b);
      |           ^
bazel-out/aarch64-opt/bin/external/protobuf+/src/google/protobuf/_virtual_includes/protobuf_lite/google/protobuf/repeated_field.h: In member function 'Swap':
bazel-out/aarch64-opt/bin/external/protobuf+/src/google/protobuf/_virtual_includes/protobuf_lite/google/protobuf/repeated_field.h:241:12: note: at offset 10 into destination object 'size_' of size 4
In function 'swap',
    inlined from 'iter_swap' at /usr/include/c++/13/bits/stl_algobase.h:185:11,
    inlined from 'swap_ranges' at /usr/include/c++/13/bits/stl_algobase.h:215:16,
    inlined from 'memswap' at bazel-out/aarch64-opt/bin/external/protobuf+/src/google/protobuf/_virtual_includes/protobuf_lite/google/protobuf/repeated_ptr_field.h:96:19,
    inlined from 'swap' at bazel-out/aarch64-opt/bin/external/protobuf+/src/google/protobuf/_virtual_includes/protobuf_lite/google/protobuf/repeated_field.h:234:64,
    inlined from 'InternalSwap' at bazel-out/aarch64-opt/bin/external/protobuf+/src/google/protobuf/_virtual_includes/protobuf_lite/google/protobuf/repeated_field.h:1287:16,
    inlined from 'Swap' at bazel-out/aarch64-opt/bin/external/protobuf+/src/google/protobuf/_virtual_includes/protobuf_lite/google/protobuf/repeated_field.h:1310:17:
/usr/include/c++/13/bits/move.h:198:11: warning: writing 1 byte into a region of size 0 [-Wstringop-overflow=]
  198 |       __a = _GLIBCXX_MOVE(__b);
      |           ^
bazel-out/aarch64-opt/bin/external/protobuf+/src/google/protobuf/_virtual_includes/protobuf_lite/google/protobuf/repeated_field.h: In member function 'Swap':
bazel-out/aarch64-opt/bin/external/protobuf+/src/google/protobuf/_virtual_includes/protobuf_lite/google/protobuf/repeated_field.h:241:12: note: at offset 11 into destination object 'size_' of size 4
In function 'itoa_r',
    inlined from 'SafeAppendHexNumber' at external/ng-log+/src/symbolize.cc:729:26,
    inlined from 'SymbolizeAndDemangle.constprop' at external/ng-log+/src/symbolize.cc:806:26:
external/ng-log+/src/symbolize.cc:705:10: warning: writing 8 bytes into a region of size 0 [-Wstringop-overflow=]
external/ng-log+/src/symbolize.cc: In function 'SymbolizeAndDemangle.constprop':
external/ng-log+/src/symbolize.cc:728:8: note: at offset 9223372036854775807 into destination object 'buf' of size 17
external/ng-log+/src/symbolize.cc:728:8: note: at offset 9223372036854775807 into destination object 'buf' of size 17
external/ng-log+/src/symbolize.cc:728:8: note: at offset 9223372036854775807 into destination object 'buf' of size 17
external/ng-log+/src/symbolize.cc:728:8: note: at offset 9223372036854775807 into destination object 'buf' of size 17
external/ng-log+/src/symbolize.cc:728:8: note: at offset 9223372036854775807 into destination object 'buf' of size 17
external/ng-log+/src/symbolize.cc:728:8: note: at offset 9223372036854775807 into destination object 'buf' of size 17
external/ng-log+/src/symbolize.cc:728:8: note: at offset 9223372036854775807 into destination object 'buf' of size 17
external/ng-log+/src/symbolize.cc:728:8: note: at offset 9223372036854775807 into destination object 'buf' of size 17
external/ng-log+/src/symbolize.cc:728:8: note: at offset 9223372036854775807 into destination object 'buf' of size 17
external/ng-log+/src/symbolize.cc:728:8: note: at offset 9223372036854775806 into destination object 'buf' of size 17
external/ng-log+/src/symbolize.cc:728:8: note: at offset [9223372036854775805, 9223372036854775806] into destination object 'buf' of size 17
external/ng-log+/src/symbolize.cc:728:8: note: at offset [9223372036854775804, 9223372036854775805] into destination object 'buf' of size 17
external/ng-log+/src/symbolize.cc:728:8: note: at offset [9223372036854775803, 9223372036854775804] into destination object 'buf' of size 17
external/ng-log+/src/symbolize.cc:728:8: note: at offset [9223372036854775802, 9223372036854775803] into destination object 'buf' of size 17
external/ng-log+/src/symbolize.cc:728:8: note: at offset 9223372036854775807 into destination object 'buf' of size 17
In function 'itoa_r',
    inlined from 'SafeAppendHexNumber' at external/ng-log+/src/symbolize.cc:729:26,
    inlined from 'SymbolizeAndDemangle.constprop' at external/ng-log+/src/symbolize.cc:774:26:
external/ng-log+/src/symbolize.cc:705:10: warning: writing 8 bytes into a region of size 0 [-Wstringop-overflow=]
external/ng-log+/src/symbolize.cc: In function 'SymbolizeAndDemangle.constprop':
external/ng-log+/src/symbolize.cc:728:8: note: at offset 9223372036854775807 into destination object 'buf' of size 17
external/ng-log+/src/symbolize.cc:728:8: note: at offset 9223372036854775807 into destination object 'buf' of size 17
external/ng-log+/src/symbolize.cc:728:8: note: at offset 9223372036854775807 into destination object 'buf' of size 17
external/ng-log+/src/symbolize.cc:728:8: note: at offset 9223372036854775807 into destination object 'buf' of size 17
external/ng-log+/src/symbolize.cc:728:8: note: at offset 9223372036854775807 into destination object 'buf' of size 17
external/ng-log+/src/symbolize.cc:728:8: note: at offset 9223372036854775807 into destination object 'buf' of size 17
external/ng-log+/src/symbolize.cc:728:8: note: at offset 9223372036854775807 into destination object 'buf' of size 17
external/ng-log+/src/symbolize.cc:728:8: note: at offset 9223372036854775807 into destination object 'buf' of size 17
external/ng-log+/src/symbolize.cc:728:8: note: at offset 9223372036854775807 into destination object 'buf' of size 17
external/ng-log+/src/symbolize.cc:728:8: note: at offset 9223372036854775806 into destination object 'buf' of size 17
external/ng-log+/src/symbolize.cc:728:8: note: at offset [9223372036854775805, 9223372036854775806] into destination object 'buf' of size 17
external/ng-log+/src/symbolize.cc:728:8: note: at offset [9223372036854775804, 9223372036854775805] into destination object 'buf' of size 17
external/ng-log+/src/symbolize.cc:728:8: note: at offset [9223372036854775803, 9223372036854775804] into destination object 'buf' of size 17
external/ng-log+/src/symbolize.cc:728:8: note: at offset [9223372036854775802, 9223372036854775803] into destination object 'buf' of size 17
external/ng-log+/src/symbolize.cc:728:8: note: at offset 9223372036854775807 into destination object 'buf' of size 17
INFO: Found 1 target...
Target //verifier:verifier_main up-to-date:
  bazel-bin/verifier/verifier_main
INFO: Elapsed time: 482.045s, Critical Path: 59.22s
INFO: 1369 processes: 524 internal, 845 processwrapper-sandbox.
INFO: Build completed successfully, 1369 total actions
I20260811 09:37:16.992508 275137956839328 proto_io.h:20] Reading from certs/matrix/cert_matrix_q02_n324.pb.txt ...
I20260811 09:37:16.995322 275137956839328 proto_io.h:47] Read 12382 bytes
I20260811 09:37:16.996169 275137956839328 verifier.h:237] Verifying dim=6, count=1
I20260811 09:37:16.996642 275137956839328 verifier.h:237] Verifying dim=5, count=2
I20260811 09:37:16.996904 275137956839328 verifier.h:237] Verifying dim=4, count=7
I20260811 09:37:17.044134 275137956839328 verifier.h:237] Verifying dim=3, count=11
I20260811 09:37:17.044464 275137951166688 rank_lower_bound_forced_product.h:127] Forced Product. num_iterations=2^(4*8)=4294967296
I20260811 09:37:17.095151 275137956839328 rank_lower_bound_forced_product.h:127] Forced Product. num_iterations=2^(4*8)=4294967296
I20260811 09:37:37.877200 275137956839328 rank_lower_bound_forced_product.h:151] Progress: 16777216/4294967296 = 0.39%
I20260811 09:37:38.793534 275137951166688 rank_lower_bound_forced_product.h:151] Progress: 16777216/4294967296 = 0.39%
I20260811 09:37:58.346619 275137956839328 rank_lower_bound_forced_product.h:151] Progress: 33554432/4294967296 = 0.78%
I20260811 09:38:00.119241 275137951166688 rank_lower_bound_forced_product.h:151] Progress: 33554432/4294967296 = 0.78%
I20260811 09:38:18.896435 275137956839328 rank_lower_bound_forced_product.h:151] Progress: 50331648/4294967296 = 1.17%
I20260811 09:38:21.476681 275137951166688 rank_lower_bound_forced_product.h:151] Progress: 50331648/4294967296 = 1.17%
I20260811 09:38:39.612195 275137956839328 rank_lower_bound_forced_product.h:151] Progress: 67108864/4294967296 = 1.56%
I20260811 09:38:43.069904 275137951166688 rank_lower_bound_forced_product.h:151] Progress: 67108864/4294967296 = 1.56%
I20260811 09:39:00.374249 275137956839328 rank_lower_bound_forced_product.h:151] Progress: 83886080/4294967296 = 1.95%
I20260811 09:39:04.669387 275137951166688 rank_lower_bound_forced_product.h:151] Progress: 83886080/4294967296 = 1.95%
I20260811 09:39:20.854014 275137956839328 rank_lower_bound_forced_product.h:151] Progress: 100663296/4294967296 = 2.34%
I20260811 09:39:25.914773 275137951166688 rank_lower_bound_forced_product.h:151] Progress: 100663296/4294967296 = 2.34%
I20260811 09:39:41.582730 275137956839328 rank_lower_bound_forced_product.h:151] Progress: 117440512/4294967296 = 2.73%
I20260811 09:39:47.525572 275137951166688 rank_lower_bound_forced_product.h:151] Progress: 117440512/4294967296 = 2.73%
I20260811 09:40:02.244502 275137956839328 rank_lower_bound_forced_product.h:151] Progress: 134217728/4294967296 = 3.12%
I20260811 09:40:09.018304 275137951166688 rank_lower_bound_forced_product.h:151] Progress: 134217728/4294967296 = 3.12%
I20260811 09:40:23.050359 275137956839328 rank_lower_bound_forced_product.h:151] Progress: 150994944/4294967296 = 3.52%
I20260811 09:40:30.670732 275137951166688 rank_lower_bound_forced_product.h:151] Progress: 150994944/4294967296 = 3.52%
I20260811 09:40:43.787557 275137956839328 rank_lower_bound_forced_product.h:151] Progress: 167772160/4294967296 = 3.91%
I20260811 09:40:52.208642 275137951166688 rank_lower_bound_forced_product.h:151] Progress: 167772160/4294967296 = 3.91%
I20260811 09:41:04.312982 275137956839328 rank_lower_bound_forced_product.h:151] Progress: 184549376/4294967296 = 4.30%
I20260811 09:41:13.490901 275137951166688 rank_lower_bound_forced_product.h:151] Progress: 184549376/4294967296 = 4.30%
I20260811 09:41:24.750283 275137956839328 rank_lower_bound_forced_product.h:151] Progress: 201326592/4294967296 = 4.69%
I20260811 09:41:34.871357 275137951166688 rank_lower_bound_forced_product.h:151] Progress: 201326592/4294967296 = 4.69%
I20260811 09:41:45.446271 275137956839328 rank_lower_bound_forced_product.h:151] Progress: 218103808/4294967296 = 5.08%
I20260811 09:41:56.420669 275137951166688 rank_lower_bound_forced_product.h:151] Progress: 218103808/4294967296 = 5.08%
I20260811 09:42:05.912096 275137956839328 rank_lower_bound_forced_product.h:151] Progress: 234881024/4294967296 = 5.47%
I20260811 09:42:17.714927 275137951166688 rank_lower_bound_forced_product.h:151] Progress: 234881024/4294967296 = 5.47%
I20260811 09:42:26.455797 275137956839328 rank_lower_bound_forced_product.h:151] Progress: 251658240/4294967296 = 5.86%
I20260811 09:42:39.212567 275137951166688 rank_lower_bound_forced_product.h:151] Progress: 251658240/4294967296 = 5.86%
I20260811 09:42:47.070131 275137956839328 rank_lower_bound_forced_product.h:151] Progress: 268435456/4294967296 = 6.25%
I20260811 09:43:00.759032 275137951166688 rank_lower_bound_forced_product.h:151] Progress: 268435456/4294967296 = 6.25%
I20260811 09:43:07.868186 275137956839328 rank_lower_bound_forced_product.h:151] Progress: 285212672/4294967296 = 6.64%
I20260811 09:43:22.638707 275137951166688 rank_lower_bound_forced_product.h:151] Progress: 285212672/4294967296 = 6.64%
I20260811 09:43:28.773485 275137956839328 rank_lower_bound_forced_product.h:151] Progress: 301989888/4294967296 = 7.03%
I20260811 09:43:43.980761 275137951166688 rank_lower_bound_forced_product.h:151] Progress: 301989888/4294967296 = 7.03%
I20260811 09:43:49.268462 275137956839328 rank_lower_bound_forced_product.h:151] Progress: 318767104/4294967296 = 7.42%
I20260811 09:44:05.492940 275137951166688 rank_lower_bound_forced_product.h:151] Progress: 318767104/4294967296 = 7.42%
I20260811 09:44:09.928657 275137956839328 rank_lower_bound_forced_product.h:151] Progress: 335544320/4294967296 = 7.81%
I20260811 09:44:26.998981 275137951166688 rank_lower_bound_forced_product.h:151] Progress: 335544320/4294967296 = 7.81%
I20260811 09:44:30.648902 275137956839328 rank_lower_bound_forced_product.h:151] Progress: 352321536/4294967296 = 8.20%
I20260811 09:44:48.859013 275137951166688 rank_lower_bound_forced_product.h:151] Progress: 352321536/4294967296 = 8.20%
I20260811 09:44:51.450046 275137956839328 rank_lower_bound_forced_product.h:151] Progress: 369098752/4294967296 = 8.59%
I20260811 09:45:10.131208 275137951166688 rank_lower_bound_forced_product.h:151] Progress: 369098752/4294967296 = 8.59%
I20260811 09:45:11.837563 275137956839328 rank_lower_bound_forced_product.h:151] Progress: 385875968/4294967296 = 8.98%
I20260811 09:45:31.611943 275137951166688 rank_lower_bound_forced_product.h:151] Progress: 385875968/4294967296 = 8.98%
I20260811 09:45:32.408291 275137956839328 rank_lower_bound_forced_product.h:151] Progress: 402653184/4294967296 = 9.38%
I20260811 09:45:52.985217 275137956839328 rank_lower_bound_forced_product.h:151] Progress: 419430400/4294967296 = 9.77%
I20260811 09:45:53.080984 275137951166688 rank_lower_bound_forced_product.h:151] Progress: 402653184/4294967296 = 9.38%
I20260811 09:46:13.805899 275137956839328 rank_lower_bound_forced_product.h:151] Progress: 436207616/4294967296 = 10.16%
I20260811 09:46:14.865297 275137951166688 rank_lower_bound_forced_product.h:151] Progress: 419430400/4294967296 = 9.77%
I20260811 09:46:34.486825 275137956839328 rank_lower_bound_forced_product.h:151] Progress: 452984832/4294967296 = 10.55%
I20260811 09:46:36.362686 275137951166688 rank_lower_bound_forced_product.h:151] Progress: 436207616/4294967296 = 10.16%
I20260811 09:46:55.025607 275137956839328 rank_lower_bound_forced_product.h:151] Progress: 469762048/4294967296 = 10.94%
I20260811 09:46:57.729452 275137951166688 rank_lower_bound_forced_product.h:151] Progress: 452984832/4294967296 = 10.55%
I20260811 09:47:15.508090 275137956839328 rank_lower_bound_forced_product.h:151] Progress: 486539264/4294967296 = 11.33%
I20260811 09:47:19.134578 275137951166688 rank_lower_bound_forced_product.h:151] Progress: 469762048/4294967296 = 10.94%
I20260811 09:47:36.196529 275137956839328 rank_lower_bound_forced_product.h:151] Progress: 503316480/4294967296 = 11.72%
I20260811 09:47:40.675387 275137951166688 rank_lower_bound_forced_product.h:151] Progress: 486539264/4294967296 = 11.33%
I20260811 09:47:56.703458 275137956839328 rank_lower_bound_forced_product.h:151] Progress: 520093696/4294967296 = 12.11%
I20260811 09:48:01.979372 275137951166688 rank_lower_bound_forced_product.h:151] Progress: 503316480/4294967296 = 11.72%
I20260811 09:48:17.193724 275137956839328 rank_lower_bound_forced_product.h:151] Progress: 536870912/4294967296 = 12.50%
I20260811 09:48:23.382798 275137951166688 rank_lower_bound_forced_product.h:151] Progress: 520093696/4294967296 = 12.11%
I20260811 09:48:37.729777 275137956839328 rank_lower_bound_forced_product.h:151] Progress: 553648128/4294967296 = 12.89%
I20260811 09:48:44.818641 275137951166688 rank_lower_bound_forced_product.h:151] Progress: 536870912/4294967296 = 12.50%
I20260811 09:48:58.384486 275137956839328 rank_lower_bound_forced_product.h:151] Progress: 570425344/4294967296 = 13.28%
I20260811 09:49:06.548817 275137951166688 rank_lower_bound_forced_product.h:151] Progress: 553648128/4294967296 = 12.89%
I20260811 09:49:19.060568 275137956839328 rank_lower_bound_forced_product.h:151] Progress: 587202560/4294967296 = 13.67%
I20260811 09:49:27.986689 275137951166688 rank_lower_bound_forced_product.h:151] Progress: 570425344/4294967296 = 13.28%
I20260811 09:49:39.679895 275137956839328 rank_lower_bound_forced_product.h:151] Progress: 603979776/4294967296 = 14.06%
I20260811 09:49:49.518730 275137951166688 rank_lower_bound_forced_product.h:151] Progress: 587202560/4294967296 = 13.67%
I20260811 09:50:00.167361 275137956839328 rank_lower_bound_forced_product.h:151] Progress: 620756992/4294967296 = 14.45%
I20260811 09:50:11.047928 275137951166688 rank_lower_bound_forced_product.h:151] Progress: 603979776/4294967296 = 14.06%
I20260811 09:50:20.845822 275137956839328 rank_lower_bound_forced_product.h:151] Progress: 637534208/4294967296 = 14.84%
I20260811 09:50:32.765690 275137951166688 rank_lower_bound_forced_product.h:151] Progress: 620756992/4294967296 = 14.45%
I20260811 09:50:41.702455 275137956839328 rank_lower_bound_forced_product.h:151] Progress: 654311424/4294967296 = 15.23%
I20260811 09:50:54.537383 275137951166688 rank_lower_bound_forced_product.h:151] Progress: 637534208/4294967296 = 14.84%
I20260811 09:51:02.579295 275137956839328 rank_lower_bound_forced_product.h:151] Progress: 671088640/4294967296 = 15.62%
I20260811 09:51:16.119303 275137951166688 rank_lower_bound_forced_product.h:151] Progress: 654311424/4294967296 = 15.23%
I20260811 09:51:23.131183 275137956839328 rank_lower_bound_forced_product.h:151] Progress: 687865856/4294967296 = 16.02%
I20260811 09:51:37.584441 275137951166688 rank_lower_bound_forced_product.h:151] Progress: 671088640/4294967296 = 15.62%
I20260811 09:51:43.887662 275137956839328 rank_lower_bound_forced_product.h:151] Progress: 704643072/4294967296 = 16.41%
I20260811 09:51:59.240980 275137951166688 rank_lower_bound_forced_product.h:151] Progress: 687865856/4294967296 = 16.02%
I20260811 09:52:04.613626 275137956839328 rank_lower_bound_forced_product.h:151] Progress: 721420288/4294967296 = 16.80%
I20260811 09:52:20.876069 275137951166688 rank_lower_bound_forced_product.h:151] Progress: 704643072/4294967296 = 16.41%
I20260811 09:52:25.340006 275137956839328 rank_lower_bound_forced_product.h:151] Progress: 738197504/4294967296 = 17.19%
I20260811 09:52:42.186440 275137951166688 rank_lower_bound_forced_product.h:151] Progress: 721420288/4294967296 = 16.80%
I20260811 09:52:45.817956 275137956839328 rank_lower_bound_forced_product.h:151] Progress: 754974720/4294967296 = 17.58%
I20260811 09:53:03.564993 275137951166688 rank_lower_bound_forced_product.h:151] Progress: 738197504/4294967296 = 17.19%
I20260811 09:53:06.411019 275137956839328 rank_lower_bound_forced_product.h:151] Progress: 771751936/4294967296 = 17.97%
I20260811 09:53:25.017447 275137951166688 rank_lower_bound_forced_product.h:151] Progress: 754974720/4294967296 = 17.58%
I20260811 09:53:27.035831 275137956839328 rank_lower_bound_forced_product.h:151] Progress: 788529152/4294967296 = 18.36%
I20260811 09:53:46.673773 275137951166688 rank_lower_bound_forced_product.h:151] Progress: 771751936/4294967296 = 17.97%
I20260811 09:53:47.868855 275137956839328 rank_lower_bound_forced_product.h:151] Progress: 805306368/4294967296 = 18.75%
I20260811 09:54:08.373046 275137951166688 rank_lower_bound_forced_product.h:151] Progress: 788529152/4294967296 = 18.36%
I20260811 09:54:08.667706 275137956839328 rank_lower_bound_forced_product.h:151] Progress: 822083584/4294967296 = 19.14%
I20260811 09:54:29.434533 275137956839328 rank_lower_bound_forced_product.h:151] Progress: 838860800/4294967296 = 19.53%
I20260811 09:54:29.993231 275137951166688 rank_lower_bound_forced_product.h:151] Progress: 805306368/4294967296 = 18.75%
I20260811 09:54:50.598410 275137956839328 rank_lower_bound_forced_product.h:151] Progress: 855638016/4294967296 = 19.92%
I20260811 09:54:51.940717 275137951166688 rank_lower_bound_forced_product.h:151] Progress: 822083584/4294967296 = 19.14%
I20260811 09:55:11.736734 275137956839328 rank_lower_bound_forced_product.h:151] Progress: 872415232/4294967296 = 20.31%
I20260811 09:55:13.884829 275137951166688 rank_lower_bound_forced_product.h:151] Progress: 838860800/4294967296 = 19.53%
I20260811 09:55:32.556047 275137956839328 rank_lower_bound_forced_product.h:151] Progress: 889192448/4294967296 = 20.70%
I20260811 09:55:35.467357 275137951166688 rank_lower_bound_forced_product.h:151] Progress: 855638016/4294967296 = 19.92%
I20260811 09:55:52.977617 275137956839328 rank_lower_bound_forced_product.h:151] Progress: 905969664/4294967296 = 21.09%
I20260811 09:55:56.770856 275137951166688 rank_lower_bound_forced_product.h:151] Progress: 872415232/4294967296 = 20.31%
I20260811 09:56:13.597992 275137956839328 rank_lower_bound_forced_product.h:151] Progress: 922746880/4294967296 = 21.48%
I20260811 09:56:18.266207 275137951166688 rank_lower_bound_forced_product.h:151] Progress: 889192448/4294967296 = 20.70%
I20260811 09:56:34.264053 275137956839328 rank_lower_bound_forced_product.h:151] Progress: 939524096/4294967296 = 21.88%
I20260811 09:56:39.702133 275137951166688 rank_lower_bound_forced_product.h:151] Progress: 905969664/4294967296 = 21.09%
I20260811 09:56:55.119613 275137956839328 rank_lower_bound_forced_product.h:151] Progress: 956301312/4294967296 = 22.27%
I20260811 09:57:01.376210 275137951166688 rank_lower_bound_forced_product.h:151] Progress: 922746880/4294967296 = 21.48%
I20260811 09:57:15.646284 275137956839328 rank_lower_bound_forced_product.h:151] Progress: 973078528/4294967296 = 22.66%
I20260811 09:57:22.675014 275137951166688 rank_lower_bound_forced_product.h:151] Progress: 939524096/4294967296 = 21.88%
I20260811 09:57:36.202366 275137956839328 rank_lower_bound_forced_product.h:151] Progress: 989855744/4294967296 = 23.05%
I20260811 09:57:44.085119 275137951166688 rank_lower_bound_forced_product.h:151] Progress: 956301312/4294967296 = 22.27%
I20260811 09:57:56.746976 275137956839328 rank_lower_bound_forced_product.h:151] Progress: 1006632960/4294967296 = 23.44%
I20260811 09:58:05.505929 275137951166688 rank_lower_bound_forced_product.h:151] Progress: 973078528/4294967296 = 22.66%
I20260811 09:58:17.499485 275137956839328 rank_lower_bound_forced_product.h:151] Progress: 1023410176/4294967296 = 23.83%
I20260811 09:58:27.350153 275137951166688 rank_lower_bound_forced_product.h:151] Progress: 989855744/4294967296 = 23.05%
I20260811 09:58:38.438992 275137956839328 rank_lower_bound_forced_product.h:151] Progress: 1040187392/4294967296 = 24.22%
I20260811 09:58:48.894114 275137951166688 rank_lower_bound_forced_product.h:151] Progress: 1006632960/4294967296 = 23.44%
I20260811 09:58:58.958335 275137956839328 rank_lower_bound_forced_product.h:151] Progress: 1056964608/4294967296 = 24.61%
I20260811 09:59:10.280136 275137951166688 rank_lower_bound_forced_product.h:151] Progress: 1023410176/4294967296 = 23.83%
I20260811 09:59:19.686375 275137956839328 rank_lower_bound_forced_product.h:151] Progress: 1073741824/4294967296 = 25.00%
I20260811 09:59:31.980703 275137951166688 rank_lower_bound_forced_product.h:151] Progress: 1040187392/4294967296 = 24.22%
I20260811 09:59:40.442787 275137956839328 rank_lower_bound_forced_product.h:151] Progress: 1090519040/4294967296 = 25.39%
I20260811 09:59:53.606850 275137951166688 rank_lower_bound_forced_product.h:151] Progress: 1056964608/4294967296 = 24.61%
I20260811 10:00:01.290123 275137956839328 rank_lower_bound_forced_product.h:151] Progress: 1107296256/4294967296 = 25.78%
I20260811 10:00:15.244397 275137951166688 rank_lower_bound_forced_product.h:151] Progress: 1073741824/4294967296 = 25.00%
I20260811 10:00:21.887620 275137956839328 rank_lower_bound_forced_product.h:151] Progress: 1124073472/4294967296 = 26.17%
I20260811 10:00:36.630013 275137951166688 rank_lower_bound_forced_product.h:151] Progress: 1090519040/4294967296 = 25.39%
I20260811 10:00:42.560269 275137956839328 rank_lower_bound_forced_product.h:151] Progress: 1140850688/4294967296 = 26.56%
I20260811 10:00:58.218358 275137951166688 rank_lower_bound_forced_product.h:151] Progress: 1107296256/4294967296 = 25.78%
I20260811 10:01:03.221231 275137956839328 rank_lower_bound_forced_product.h:151] Progress: 1157627904/4294967296 = 26.95%
I20260811 10:01:19.700277 275137951166688 rank_lower_bound_forced_product.h:151] Progress: 1124073472/4294967296 = 26.17%
I20260811 10:01:23.775111 275137956839328 rank_lower_bound_forced_product.h:151] Progress: 1174405120/4294967296 = 27.34%
I20260811 10:01:40.968505 275137951166688 rank_lower_bound_forced_product.h:151] Progress: 1140850688/4294967296 = 26.56%
I20260811 10:01:44.208946 275137956839328 rank_lower_bound_forced_product.h:151] Progress: 1191182336/4294967296 = 27.73%
I20260811 10:02:02.373404 275137951166688 rank_lower_bound_forced_product.h:151] Progress: 1157627904/4294967296 = 26.95%
I20260811 10:02:04.822439 275137956839328 rank_lower_bound_forced_product.h:151] Progress: 1207959552/4294967296 = 28.12%
I20260811 10:02:24.068555 275137951166688 rank_lower_bound_forced_product.h:151] Progress: 1174405120/4294967296 = 27.34%
I20260811 10:02:25.783164 275137956839328 rank_lower_bound_forced_product.h:151] Progress: 1224736768/4294967296 = 28.52%
I20260811 10:02:45.681805 275137951166688 rank_lower_bound_forced_product.h:151] Progress: 1191182336/4294967296 = 27.73%
I20260811 10:02:46.544834 275137956839328 rank_lower_bound_forced_product.h:151] Progress: 1241513984/4294967296 = 28.91%
I20260811 10:03:07.404864 275137951166688 rank_lower_bound_forced_product.h:151] Progress: 1207959552/4294967296 = 28.12%
I20260811 10:03:07.474827 275137956839328 rank_lower_bound_forced_product.h:151] Progress: 1258291200/4294967296 = 29.30%
I20260811 10:03:28.042290 275137956839328 rank_lower_bound_forced_product.h:151] Progress: 1275068416/4294967296 = 29.69%
I20260811 10:03:28.779718 275137951166688 rank_lower_bound_forced_product.h:151] Progress: 1224736768/4294967296 = 28.52%
I20260811 10:03:48.700091 275137956839328 rank_lower_bound_forced_product.h:151] Progress: 1291845632/4294967296 = 30.08%
I20260811 10:03:50.257953 275137951166688 rank_lower_bound_forced_product.h:151] Progress: 1241513984/4294967296 = 28.91%
I20260811 10:04:09.477914 275137956839328 rank_lower_bound_forced_product.h:151] Progress: 1308622848/4294967296 = 30.47%
I20260811 10:04:11.913018 275137951166688 rank_lower_bound_forced_product.h:151] Progress: 1258291200/4294967296 = 29.30%
I20260811 10:04:30.036717 275137956839328 rank_lower_bound_forced_product.h:151] Progress: 1325400064/4294967296 = 30.86%
I20260811 10:04:33.267796 275137951166688 rank_lower_bound_forced_product.h:151] Progress: 1275068416/4294967296 = 29.69%
I20260811 10:04:50.701115 275137956839328 rank_lower_bound_forced_product.h:151] Progress: 1342177280/4294967296 = 31.25%
I20260811 10:04:54.741097 275137951166688 rank_lower_bound_forced_product.h:151] Progress: 1291845632/4294967296 = 30.08%
I20260811 10:05:11.352693 275137956839328 rank_lower_bound_forced_product.h:151] Progress: 1358954496/4294967296 = 31.64%
I20260811 10:05:16.208446 275137951166688 rank_lower_bound_forced_product.h:151] Progress: 1308622848/4294967296 = 30.47%
I20260811 10:05:32.110593 275137956839328 rank_lower_bound_forced_product.h:151] Progress: 1375731712/4294967296 = 32.03%
I20260811 10:05:37.806972 275137951166688 rank_lower_bound_forced_product.h:151] Progress: 1325400064/4294967296 = 30.86%
I20260811 10:05:52.802968 275137956839328 rank_lower_bound_forced_product.h:151] Progress: 1392508928/4294967296 = 32.42%
I20260811 10:05:59.426265 275137951166688 rank_lower_bound_forced_product.h:151] Progress: 1342177280/4294967296 = 31.25%
I20260811 10:06:13.964020 275137956839328 rank_lower_bound_forced_product.h:151] Progress: 1409286144/4294967296 = 32.81%
I20260811 10:06:21.416709 275137951166688 rank_lower_bound_forced_product.h:151] Progress: 1358954496/4294967296 = 31.64%
I20260811 10:06:34.591607 275137956839328 rank_lower_bound_forced_product.h:151] Progress: 1426063360/4294967296 = 33.20%
I20260811 10:06:42.726446 275137951166688 rank_lower_bound_forced_product.h:151] Progress: 1375731712/4294967296 = 32.03%
I20260811 10:06:55.193290 275137956839328 rank_lower_bound_forced_product.h:151] Progress: 1442840576/4294967296 = 33.59%
I20260811 10:07:04.281318 275137951166688 rank_lower_bound_forced_product.h:151] Progress: 1392508928/4294967296 = 32.42%
I20260811 10:07:15.793442 275137956839328 rank_lower_bound_forced_product.h:151] Progress: 1459617792/4294967296 = 33.98%
I20260811 10:07:25.786385 275137951166688 rank_lower_bound_forced_product.h:151] Progress: 1409286144/4294967296 = 32.81%
I20260811 10:07:36.524193 275137956839328 rank_lower_bound_forced_product.h:151] Progress: 1476395008/4294967296 = 34.38%
I20260811 10:07:47.247337 275137951166688 rank_lower_bound_forced_product.h:151] Progress: 1426063360/4294967296 = 33.20%
I20260811 10:07:56.998161 275137956839328 rank_lower_bound_forced_product.h:151] Progress: 1493172224/4294967296 = 34.77%
I20260811 10:08:08.547108 275137951166688 rank_lower_bound_forced_product.h:151] Progress: 1442840576/4294967296 = 33.59%
I20260811 10:08:17.635692 275137956839328 rank_lower_bound_forced_product.h:151] Progress: 1509949440/4294967296 = 35.16%
I20260811 10:08:30.111393 275137951166688 rank_lower_bound_forced_product.h:151] Progress: 1459617792/4294967296 = 33.98%
I20260811 10:08:38.334903 275137956839328 rank_lower_bound_forced_product.h:151] Progress: 1526726656/4294967296 = 35.55%
I20260811 10:08:51.648468 275137951166688 rank_lower_bound_forced_product.h:151] Progress: 1476395008/4294967296 = 34.38%
I20260811 10:08:59.094131 275137956839328 rank_lower_bound_forced_product.h:151] Progress: 1543503872/4294967296 = 35.94%
I20260811 10:09:13.489560 275137951166688 rank_lower_bound_forced_product.h:151] Progress: 1493172224/4294967296 = 34.77%
I20260811 10:09:19.999840 275137956839328 rank_lower_bound_forced_product.h:151] Progress: 1560281088/4294967296 = 36.33%
I20260811 10:09:34.977193 275137951166688 rank_lower_bound_forced_product.h:151] Progress: 1509949440/4294967296 = 35.16%
I20260811 10:09:40.660303 275137956839328 rank_lower_bound_forced_product.h:151] Progress: 1577058304/4294967296 = 36.72%
I20260811 10:09:56.423671 275137951166688 rank_lower_bound_forced_product.h:151] Progress: 1526726656/4294967296 = 35.55%
I20260811 10:10:01.353433 275137956839328 rank_lower_bound_forced_product.h:151] Progress: 1593835520/4294967296 = 37.11%
I20260811 10:10:17.948409 275137951166688 rank_lower_bound_forced_product.h:151] Progress: 1543503872/4294967296 = 35.94%
I20260811 10:10:22.027304 275137956839328 rank_lower_bound_forced_product.h:151] Progress: 1610612736/4294967296 = 37.50%
I20260811 10:10:39.493177 275137951166688 rank_lower_bound_forced_product.h:151] Progress: 1560281088/4294967296 = 36.33%
I20260811 10:10:42.765178 275137956839328 rank_lower_bound_forced_product.h:151] Progress: 1627389952/4294967296 = 37.89%
I20260811 10:11:00.786788 275137951166688 rank_lower_bound_forced_product.h:151] Progress: 1577058304/4294967296 = 36.72%
I20260811 10:11:03.270341 275137956839328 rank_lower_bound_forced_product.h:151] Progress: 1644167168/4294967296 = 38.28%
I20260811 10:11:22.334197 275137951166688 rank_lower_bound_forced_product.h:151] Progress: 1593835520/4294967296 = 37.11%
I20260811 10:11:24.006108 275137956839328 rank_lower_bound_forced_product.h:151] Progress: 1660944384/4294967296 = 38.67%
I20260811 10:11:43.948191 275137951166688 rank_lower_bound_forced_product.h:151] Progress: 1610612736/4294967296 = 37.50%
I20260811 10:11:44.830316 275137956839328 rank_lower_bound_forced_product.h:151] Progress: 1677721600/4294967296 = 39.06%
I20260811 10:12:05.718321 275137951166688 rank_lower_bound_forced_product.h:151] Progress: 1627389952/4294967296 = 37.89%
I20260811 10:12:05.882452 275137956839328 rank_lower_bound_forced_product.h:151] Progress: 1694498816/4294967296 = 39.45%
I20260811 10:12:26.877179 275137956839328 rank_lower_bound_forced_product.h:151] Progress: 1711276032/4294967296 = 39.84%
I20260811 10:12:27.544758 275137951166688 rank_lower_bound_forced_product.h:151] Progress: 1644167168/4294967296 = 38.28%
I20260811 10:12:47.531524 275137956839328 rank_lower_bound_forced_product.h:151] Progress: 1728053248/4294967296 = 40.23%
I20260811 10:12:48.946193 275137951166688 rank_lower_bound_forced_product.h:151] Progress: 1660944384/4294967296 = 38.67%
I20260811 10:13:08.029307 275137956839328 rank_lower_bound_forced_product.h:151] Progress: 1744830464/4294967296 = 40.62%
I20260811 10:13:10.283315 275137951166688 rank_lower_bound_forced_product.h:151] Progress: 1677721600/4294967296 = 39.06%
I20260811 10:13:28.667101 275137956839328 rank_lower_bound_forced_product.h:151] Progress: 1761607680/4294967296 = 41.02%
I20260811 10:13:31.833543 275137951166688 rank_lower_bound_forced_product.h:151] Progress: 1694498816/4294967296 = 39.45%
I20260811 10:13:49.383486 275137956839328 rank_lower_bound_forced_product.h:151] Progress: 1778384896/4294967296 = 41.41%
I20260811 10:13:53.216108 275137951166688 rank_lower_bound_forced_product.h:151] Progress: 1711276032/4294967296 = 39.84%
I20260811 10:14:09.830834 275137956839328 rank_lower_bound_forced_product.h:151] Progress: 1795162112/4294967296 = 41.80%
I20260811 10:14:14.522482 275137951166688 rank_lower_bound_forced_product.h:151] Progress: 1728053248/4294967296 = 40.23%
I20260811 10:14:30.491075 275137956839328 rank_lower_bound_forced_product.h:151] Progress: 1811939328/4294967296 = 42.19%
I20260811 10:14:35.958947 275137951166688 rank_lower_bound_forced_product.h:151] Progress: 1744830464/4294967296 = 40.62%
I20260811 10:14:51.194872 275137956839328 rank_lower_bound_forced_product.h:151] Progress: 1828716544/4294967296 = 42.58%
I20260811 10:14:57.594380 275137951166688 rank_lower_bound_forced_product.h:151] Progress: 1761607680/4294967296 = 41.02%
I20260811 10:15:12.092088 275137956839328 rank_lower_bound_forced_product.h:151] Progress: 1845493760/4294967296 = 42.97%
I20260811 10:15:19.302748 275137951166688 rank_lower_bound_forced_product.h:151] Progress: 1778384896/4294967296 = 41.41%
I20260811 10:15:32.979228 275137956839328 rank_lower_bound_forced_product.h:151] Progress: 1862270976/4294967296 = 43.36%
I20260811 10:15:40.980154 275137951166688 rank_lower_bound_forced_product.h:151] Progress: 1795162112/4294967296 = 41.80%
I20260811 10:15:53.508775 275137956839328 rank_lower_bound_forced_product.h:151] Progress: 1879048192/4294967296 = 43.75%
I20260811 10:16:02.326025 275137951166688 rank_lower_bound_forced_product.h:151] Progress: 1811939328/4294967296 = 42.19%
I20260811 10:16:14.088736 275137956839328 rank_lower_bound_forced_product.h:151] Progress: 1895825408/4294967296 = 44.14%
I20260811 10:16:23.879887 275137951166688 rank_lower_bound_forced_product.h:151] Progress: 1828716544/4294967296 = 42.58%
I20260811 10:16:34.908671 275137956839328 rank_lower_bound_forced_product.h:151] Progress: 1912602624/4294967296 = 44.53%
I20260811 10:16:45.369702 275137951166688 rank_lower_bound_forced_product.h:151] Progress: 1845493760/4294967296 = 42.97%
I20260811 10:16:55.402855 275137956839328 rank_lower_bound_forced_product.h:151] Progress: 1929379840/4294967296 = 44.92%
I20260811 10:17:06.665345 275137951166688 rank_lower_bound_forced_product.h:151] Progress: 1862270976/4294967296 = 43.36%
I20260811 10:17:15.999620 275137956839328 rank_lower_bound_forced_product.h:151] Progress: 1946157056/4294967296 = 45.31%
I20260811 10:17:28.149987 275137951166688 rank_lower_bound_forced_product.h:151] Progress: 1879048192/4294967296 = 43.75%
I20260811 10:17:36.664560 275137956839328 rank_lower_bound_forced_product.h:151] Progress: 1962934272/4294967296 = 45.70%
I20260811 10:17:49.655269 275137951166688 rank_lower_bound_forced_product.h:151] Progress: 1895825408/4294967296 = 44.14%
I20260811 10:17:57.471606 275137956839328 rank_lower_bound_forced_product.h:151] Progress: 1979711488/4294967296 = 46.09%
I20260811 10:18:11.306932 275137951166688 rank_lower_bound_forced_product.h:151] Progress: 1912602624/4294967296 = 44.53%
I20260811 10:18:18.248896 275137956839328 rank_lower_bound_forced_product.h:151] Progress: 1996488704/4294967296 = 46.48%
I20260811 10:18:32.815433 275137951166688 rank_lower_bound_forced_product.h:151] Progress: 1929379840/4294967296 = 44.92%
I20260811 10:18:38.902661 275137956839328 rank_lower_bound_forced_product.h:151] Progress: 2013265920/4294967296 = 46.88%
I20260811 10:18:54.333422 275137951166688 rank_lower_bound_forced_product.h:151] Progress: 1946157056/4294967296 = 45.31%
I20260811 10:18:59.593341 275137956839328 rank_lower_bound_forced_product.h:151] Progress: 2030043136/4294967296 = 47.27%
I20260811 10:19:15.756353 275137951166688 rank_lower_bound_forced_product.h:151] Progress: 1962934272/4294967296 = 45.70%
I20260811 10:19:20.239922 275137956839328 rank_lower_bound_forced_product.h:151] Progress: 2046820352/4294967296 = 47.66%
I20260811 10:19:37.370559 275137951166688 rank_lower_bound_forced_product.h:151] Progress: 1979711488/4294967296 = 46.09%
I20260811 10:19:41.028492 275137956839328 rank_lower_bound_forced_product.h:151] Progress: 2063597568/4294967296 = 48.05%
I20260811 10:19:58.807421 275137951166688 rank_lower_bound_forced_product.h:151] Progress: 1996488704/4294967296 = 46.48%
I20260811 10:20:01.601164 275137956839328 rank_lower_bound_forced_product.h:151] Progress: 2080374784/4294967296 = 48.44%
I20260811 10:20:20.160969 275137951166688 rank_lower_bound_forced_product.h:151] Progress: 2013265920/4294967296 = 46.88%
I20260811 10:20:22.166649 275137956839328 rank_lower_bound_forced_product.h:151] Progress: 2097152000/4294967296 = 48.83%
I20260811 10:20:41.518321 275137951166688 rank_lower_bound_forced_product.h:151] Progress: 2030043136/4294967296 = 47.27%
I20260811 10:20:42.670851 275137956839328 rank_lower_bound_forced_product.h:151] Progress: 2113929216/4294967296 = 49.22%
I20260811 10:21:02.999117 275137951166688 rank_lower_bound_forced_product.h:151] Progress: 2046820352/4294967296 = 47.66%
I20260811 10:21:03.331832 275137956839328 rank_lower_bound_forced_product.h:151] Progress: 2130706432/4294967296 = 49.61%
I20260811 10:21:23.931203 275137956839328 rank_lower_bound_forced_product.h:151] Progress: 2147483648/4294967296 = 50.00%
I20260811 10:21:24.393112 275137951166688 rank_lower_bound_forced_product.h:151] Progress: 2063597568/4294967296 = 48.05%
I20260811 10:21:44.676934 275137956839328 rank_lower_bound_forced_product.h:151] Progress: 2164260864/4294967296 = 50.39%
I20260811 10:21:45.976021 275137951166688 rank_lower_bound_forced_product.h:151] Progress: 2080374784/4294967296 = 48.44%
I20260811 10:22:05.519153 275137956839328 rank_lower_bound_forced_product.h:151] Progress: 2181038080/4294967296 = 50.78%
I20260811 10:22:07.609635 275137951166688 rank_lower_bound_forced_product.h:151] Progress: 2097152000/4294967296 = 48.83%
I20260811 10:22:26.282231 275137956839328 rank_lower_bound_forced_product.h:151] Progress: 2197815296/4294967296 = 51.17%
I20260811 10:22:29.299855 275137951166688 rank_lower_bound_forced_product.h:151] Progress: 2113929216/4294967296 = 49.22%
I20260811 10:22:47.007201 275137956839328 rank_lower_bound_forced_product.h:151] Progress: 2214592512/4294967296 = 51.56%
I20260811 10:22:50.923940 275137951166688 rank_lower_bound_forced_product.h:151] Progress: 2130706432/4294967296 = 49.61%
I20260811 10:23:07.640494 275137956839328 rank_lower_bound_forced_product.h:151] Progress: 2231369728/4294967296 = 51.95%
I20260811 10:23:12.389936 275137951166688 rank_lower_bound_forced_product.h:151] Progress: 2147483648/4294967296 = 50.00%
I20260811 10:23:28.094579 275137956839328 rank_lower_bound_forced_product.h:151] Progress: 2248146944/4294967296 = 52.34%
I20260811 10:23:33.728569 275137951166688 rank_lower_bound_forced_product.h:151] Progress: 2164260864/4294967296 = 50.39%
I20260811 10:23:48.747616 275137956839328 rank_lower_bound_forced_product.h:151] Progress: 2264924160/4294967296 = 52.73%
I20260811 10:23:55.277167 275137951166688 rank_lower_bound_forced_product.h:151] Progress: 2181038080/4294967296 = 50.78%
I20260811 10:24:09.453100 275137956839328 rank_lower_bound_forced_product.h:151] Progress: 2281701376/4294967296 = 53.12%
I20260811 10:24:16.683186 275137951166688 rank_lower_bound_forced_product.h:151] Progress: 2197815296/4294967296 = 51.17%
I20260811 10:24:30.031017 275137956839328 rank_lower_bound_forced_product.h:151] Progress: 2298478592/4294967296 = 53.52%
I20260811 10:24:38.216948 275137951166688 rank_lower_bound_forced_product.h:151] Progress: 2214592512/4294967296 = 51.56%
I20260811 10:24:50.686606 275137956839328 rank_lower_bound_forced_product.h:151] Progress: 2315255808/4294967296 = 53.91%
I20260811 10:24:59.684877 275137951166688 rank_lower_bound_forced_product.h:151] Progress: 2231369728/4294967296 = 51.95%
I20260811 10:25:11.382586 275137956839328 rank_lower_bound_forced_product.h:151] Progress: 2332033024/4294967296 = 54.30%
I20260811 10:25:21.322639 275137951166688 rank_lower_bound_forced_product.h:151] Progress: 2248146944/4294967296 = 52.34%
I20260811 10:25:32.328734 275137956839328 rank_lower_bound_forced_product.h:151] Progress: 2348810240/4294967296 = 54.69%
I20260811 10:25:43.069695 275137951166688 rank_lower_bound_forced_product.h:151] Progress: 2264924160/4294967296 = 52.73%
I20260811 10:25:52.897100 275137956839328 rank_lower_bound_forced_product.h:151] Progress: 2365587456/4294967296 = 55.08%
I20260811 10:26:04.377906 275137951166688 rank_lower_bound_forced_product.h:151] Progress: 2281701376/4294967296 = 53.12%
I20260811 10:26:13.365791 275137956839328 rank_lower_bound_forced_product.h:151] Progress: 2382364672/4294967296 = 55.47%
I20260811 10:26:25.740443 275137951166688 rank_lower_bound_forced_product.h:151] Progress: 2298478592/4294967296 = 53.52%
I20260811 10:26:34.003836 275137956839328 rank_lower_bound_forced_product.h:151] Progress: 2399141888/4294967296 = 55.86%
I20260811 10:26:47.240842 275137951166688 rank_lower_bound_forced_product.h:151] Progress: 2315255808/4294967296 = 53.91%
I20260811 10:26:54.819946 275137956839328 rank_lower_bound_forced_product.h:151] Progress: 2415919104/4294967296 = 56.25%
I20260811 10:27:08.760186 275137951166688 rank_lower_bound_forced_product.h:151] Progress: 2332033024/4294967296 = 54.30%
I20260811 10:27:15.357321 275137956839328 rank_lower_bound_forced_product.h:151] Progress: 2432696320/4294967296 = 56.64%
I20260811 10:27:30.071514 275137951166688 rank_lower_bound_forced_product.h:151] Progress: 2348810240/4294967296 = 54.69%
I20260811 10:27:35.957557 275137956839328 rank_lower_bound_forced_product.h:151] Progress: 2449473536/4294967296 = 57.03%
I20260811 10:27:51.504107 275137951166688 rank_lower_bound_forced_product.h:151] Progress: 2365587456/4294967296 = 55.08%
I20260811 10:27:56.560771 275137956839328 rank_lower_bound_forced_product.h:151] Progress: 2466250752/4294967296 = 57.42%
I20260811 10:28:13.109202 275137951166688 rank_lower_bound_forced_product.h:151] Progress: 2382364672/4294967296 = 55.47%
I20260811 10:28:17.410602 275137956839328 rank_lower_bound_forced_product.h:151] Progress: 2483027968/4294967296 = 57.81%
I20260811 10:28:34.766182 275137951166688 rank_lower_bound_forced_product.h:151] Progress: 2399141888/4294967296 = 55.86%
I20260811 10:28:38.062557 275137956839328 rank_lower_bound_forced_product.h:151] Progress: 2499805184/4294967296 = 58.20%
I20260811 10:28:56.083590 275137951166688 rank_lower_bound_forced_product.h:151] Progress: 2415919104/4294967296 = 56.25%
I20260811 10:28:58.589073 275137956839328 rank_lower_bound_forced_product.h:151] Progress: 2516582400/4294967296 = 58.59%
I20260811 10:29:17.701536 275137951166688 rank_lower_bound_forced_product.h:151] Progress: 2432696320/4294967296 = 56.64%
I20260811 10:29:19.433734 275137956839328 rank_lower_bound_forced_product.h:151] Progress: 2533359616/4294967296 = 58.98%
I20260811 10:29:39.247854 275137951166688 rank_lower_bound_forced_product.h:151] Progress: 2449473536/4294967296 = 57.03%
I20260811 10:29:40.150514 275137956839328 rank_lower_bound_forced_product.h:151] Progress: 2550136832/4294967296 = 59.38%
I20260811 10:30:00.949202 275137951166688 rank_lower_bound_forced_product.h:151] Progress: 2466250752/4294967296 = 57.42%
I20260811 10:30:00.979684 275137956839328 rank_lower_bound_forced_product.h:151] Progress: 2566914048/4294967296 = 59.77%
I20260811 10:30:21.520046 275137956839328 rank_lower_bound_forced_product.h:151] Progress: 2583691264/4294967296 = 60.16%
I20260811 10:30:22.273402 275137951166688 rank_lower_bound_forced_product.h:151] Progress: 2483027968/4294967296 = 57.81%
I20260811 10:30:42.198100 275137956839328 rank_lower_bound_forced_product.h:151] Progress: 2600468480/4294967296 = 60.55%
I20260811 10:30:43.738097 275137951166688 rank_lower_bound_forced_product.h:151] Progress: 2499805184/4294967296 = 58.20%
I20260811 10:31:02.962045 275137956839328 rank_lower_bound_forced_product.h:151] Progress: 2617245696/4294967296 = 60.94%
I20260811 10:31:05.336813 275137951166688 rank_lower_bound_forced_product.h:151] Progress: 2516582400/4294967296 = 58.59%
I20260811 10:31:23.633046 275137956839328 rank_lower_bound_forced_product.h:151] Progress: 2634022912/4294967296 = 61.33%
I20260811 10:31:26.765319 275137951166688 rank_lower_bound_forced_product.h:151] Progress: 2533359616/4294967296 = 58.98%
I20260811 10:31:44.259769 275137956839328 rank_lower_bound_forced_product.h:151] Progress: 2650800128/4294967296 = 61.72%
I20260811 10:31:48.258463 275137951166688 rank_lower_bound_forced_product.h:151] Progress: 2550136832/4294967296 = 59.38%
I20260811 10:32:04.840917 275137956839328 rank_lower_bound_forced_product.h:151] Progress: 2667577344/4294967296 = 62.11%
I20260811 10:32:09.688512 275137951166688 rank_lower_bound_forced_product.h:151] Progress: 2566914048/4294967296 = 59.77%
I20260811 10:32:25.587271 275137956839328 rank_lower_bound_forced_product.h:151] Progress: 2684354560/4294967296 = 62.50%
I20260811 10:32:31.295241 275137951166688 rank_lower_bound_forced_product.h:151] Progress: 2583691264/4294967296 = 60.16%
I20260811 10:32:46.089244 275137956839328 rank_lower_bound_forced_product.h:151] Progress: 2701131776/4294967296 = 62.89%
I20260811 10:32:52.596213 275137951166688 rank_lower_bound_forced_product.h:151] Progress: 2600468480/4294967296 = 60.55%
I20260811 10:33:06.605253 275137956839328 rank_lower_bound_forced_product.h:151] Progress: 2717908992/4294967296 = 63.28%
I20260811 10:33:14.005366 275137951166688 rank_lower_bound_forced_product.h:151] Progress: 2617245696/4294967296 = 60.94%
I20260811 10:33:27.215449 275137956839328 rank_lower_bound_forced_product.h:151] Progress: 2734686208/4294967296 = 63.67%
I20260811 10:33:35.434436 275137951166688 rank_lower_bound_forced_product.h:151] Progress: 2634022912/4294967296 = 61.33%
I20260811 10:33:47.880046 275137956839328 rank_lower_bound_forced_product.h:151] Progress: 2751463424/4294967296 = 64.06%
I20260811 10:33:57.092479 275137951166688 rank_lower_bound_forced_product.h:151] Progress: 2650800128/4294967296 = 61.72%
I20260811 10:34:08.644940 275137956839328 rank_lower_bound_forced_product.h:151] Progress: 2768240640/4294967296 = 64.45%
I20260811 10:34:18.494393 275137951166688 rank_lower_bound_forced_product.h:151] Progress: 2667577344/4294967296 = 62.11%
I20260811 10:34:29.169768 275137956839328 rank_lower_bound_forced_product.h:151] Progress: 2785017856/4294967296 = 64.84%
I20260811 10:34:40.083447 275137951166688 rank_lower_bound_forced_product.h:151] Progress: 2684354560/4294967296 = 62.50%
I20260811 10:34:50.026312 275137956839328 rank_lower_bound_forced_product.h:151] Progress: 2801795072/4294967296 = 65.23%
I20260811 10:35:01.532406 275137951166688 rank_lower_bound_forced_product.h:151] Progress: 2701131776/4294967296 = 62.89%
I20260811 10:35:10.756420 275137956839328 rank_lower_bound_forced_product.h:151] Progress: 2818572288/4294967296 = 65.62%
I20260811 10:35:23.200365 275137951166688 rank_lower_bound_forced_product.h:151] Progress: 2717908992/4294967296 = 63.28%
I20260811 10:35:31.645262 275137956839328 rank_lower_bound_forced_product.h:151] Progress: 2835349504/4294967296 = 66.02%
I20260811 10:35:44.732035 275137951166688 rank_lower_bound_forced_product.h:151] Progress: 2734686208/4294967296 = 63.67%
I20260811 10:35:52.182029 275137956839328 rank_lower_bound_forced_product.h:151] Progress: 2852126720/4294967296 = 66.41%
I20260811 10:36:06.091591 275137951166688 rank_lower_bound_forced_product.h:151] Progress: 2751463424/4294967296 = 64.06%
I20260811 10:36:12.703223 275137956839328 rank_lower_bound_forced_product.h:151] Progress: 2868903936/4294967296 = 66.80%
I20260811 10:36:27.455427 275137951166688 rank_lower_bound_forced_product.h:151] Progress: 2768240640/4294967296 = 64.45%
I20260811 10:36:33.315055 275137956839328 rank_lower_bound_forced_product.h:151] Progress: 2885681152/4294967296 = 67.19%
I20260811 10:36:49.122493 275137951166688 rank_lower_bound_forced_product.h:151] Progress: 2785017856/4294967296 = 64.84%
I20260811 10:36:54.132754 275137956839328 rank_lower_bound_forced_product.h:151] Progress: 2902458368/4294967296 = 67.58%
I20260811 10:37:10.712189 275137951166688 rank_lower_bound_forced_product.h:151] Progress: 2801795072/4294967296 = 65.23%
I20260811 10:37:14.970633 275137956839328 rank_lower_bound_forced_product.h:151] Progress: 2919235584/4294967296 = 67.97%
I20260811 10:37:32.217808 275137951166688 rank_lower_bound_forced_product.h:151] Progress: 2818572288/4294967296 = 65.62%
I20260811 10:37:35.636280 275137956839328 rank_lower_bound_forced_product.h:151] Progress: 2936012800/4294967296 = 68.36%
I20260811 10:37:53.631637 275137951166688 rank_lower_bound_forced_product.h:151] Progress: 2835349504/4294967296 = 66.02%
I20260811 10:37:56.200747 275137956839328 rank_lower_bound_forced_product.h:151] Progress: 2952790016/4294967296 = 68.75%
I20260811 10:38:15.181269 275137951166688 rank_lower_bound_forced_product.h:151] Progress: 2852126720/4294967296 = 66.41%
I20260811 10:38:16.899779 275137956839328 rank_lower_bound_forced_product.h:151] Progress: 2969567232/4294967296 = 69.14%
I20260811 10:38:36.866862 275137951166688 rank_lower_bound_forced_product.h:151] Progress: 2868903936/4294967296 = 66.80%
I20260811 10:38:37.725640 275137956839328 rank_lower_bound_forced_product.h:151] Progress: 2986344448/4294967296 = 69.53%
I20260811 10:38:58.109207 275137951166688 rank_lower_bound_forced_product.h:151] Progress: 2885681152/4294967296 = 67.19%
I20260811 10:38:58.152258 275137956839328 rank_lower_bound_forced_product.h:151] Progress: 3003121664/4294967296 = 69.92%
I20260811 10:39:19.019237 275137956839328 rank_lower_bound_forced_product.h:151] Progress: 3019898880/4294967296 = 70.31%
I20260811 10:39:19.920440 275137951166688 rank_lower_bound_forced_product.h:151] Progress: 2902458368/4294967296 = 67.58%
I20260811 10:39:39.663966 275137956839328 rank_lower_bound_forced_product.h:151] Progress: 3036676096/4294967296 = 70.70%
I20260811 10:39:41.320780 275137951166688 rank_lower_bound_forced_product.h:151] Progress: 2919235584/4294967296 = 67.97%
I20260811 10:40:00.573340 275137956839328 rank_lower_bound_forced_product.h:151] Progress: 3053453312/4294967296 = 71.09%
I20260811 10:40:03.010426 275137951166688 rank_lower_bound_forced_product.h:151] Progress: 2936012800/4294967296 = 68.36%
I20260811 10:40:21.464652 275137956839328 rank_lower_bound_forced_product.h:151] Progress: 3070230528/4294967296 = 71.48%
I20260811 10:40:24.629111 275137951166688 rank_lower_bound_forced_product.h:151] Progress: 2952790016/4294967296 = 68.75%
I20260811 10:40:42.064955 275137956839328 rank_lower_bound_forced_product.h:151] Progress: 3087007744/4294967296 = 71.88%
I20260811 10:40:46.021559 275137951166688 rank_lower_bound_forced_product.h:151] Progress: 2969567232/4294967296 = 69.14%
I20260811 10:41:02.643708 275137956839328 rank_lower_bound_forced_product.h:151] Progress: 3103784960/4294967296 = 72.27%
I20260811 10:41:07.395023 275137951166688 rank_lower_bound_forced_product.h:151] Progress: 2986344448/4294967296 = 69.53%
I20260811 10:41:23.393366 275137956839328 rank_lower_bound_forced_product.h:151] Progress: 3120562176/4294967296 = 72.66%
I20260811 10:41:29.004321 275137951166688 rank_lower_bound_forced_product.h:151] Progress: 3003121664/4294967296 = 69.92%
I20260811 10:41:44.177590 275137956839328 rank_lower_bound_forced_product.h:151] Progress: 3137339392/4294967296 = 73.05%
I20260811 10:41:50.510486 275137951166688 rank_lower_bound_forced_product.h:151] Progress: 3019898880/4294967296 = 70.31%
I20260811 10:42:04.786366 275137956839328 rank_lower_bound_forced_product.h:151] Progress: 3154116608/4294967296 = 73.44%
I20260811 10:42:11.908038 275137951166688 rank_lower_bound_forced_product.h:151] Progress: 3036676096/4294967296 = 70.70%
I20260811 10:42:25.333419 275137956839328 rank_lower_bound_forced_product.h:151] Progress: 3170893824/4294967296 = 73.83%
I20260811 10:42:33.271389 275137951166688 rank_lower_bound_forced_product.h:151] Progress: 3053453312/4294967296 = 71.09%
I20260811 10:42:46.066135 275137956839328 rank_lower_bound_forced_product.h:151] Progress: 3187671040/4294967296 = 74.22%
I20260811 10:42:54.855102 275137951166688 rank_lower_bound_forced_product.h:151] Progress: 3070230528/4294967296 = 71.48%
I20260811 10:43:06.932645 275137956839328 rank_lower_bound_forced_product.h:151] Progress: 3204448256/4294967296 = 74.61%
I20260811 10:43:16.423394 275137951166688 rank_lower_bound_forced_product.h:151] Progress: 3087007744/4294967296 = 71.88%
I20260811 10:43:27.932373 275137956839328 rank_lower_bound_forced_product.h:151] Progress: 3221225472/4294967296 = 75.00%
I20260811 10:43:38.429727 275137951166688 rank_lower_bound_forced_product.h:151] Progress: 3103784960/4294967296 = 72.27%
I20260811 10:43:49.067944 275137956839328 rank_lower_bound_forced_product.h:151] Progress: 3238002688/4294967296 = 75.39%
I20260811 10:43:59.932453 275137951166688 rank_lower_bound_forced_product.h:151] Progress: 3120562176/4294967296 = 72.66%
I20260811 10:44:09.586795 275137956839328 rank_lower_bound_forced_product.h:151] Progress: 3254779904/4294967296 = 75.78%
I20260811 10:44:21.358918 275137951166688 rank_lower_bound_forced_product.h:151] Progress: 3137339392/4294967296 = 73.05%
I20260811 10:44:30.349795 275137956839328 rank_lower_bound_forced_product.h:151] Progress: 3271557120/4294967296 = 76.17%
I20260811 10:44:42.859701 275137951166688 rank_lower_bound_forced_product.h:151] Progress: 3154116608/4294967296 = 73.44%
I20260811 10:44:50.990807 275137956839328 rank_lower_bound_forced_product.h:151] Progress: 3288334336/4294967296 = 76.56%
I20260811 10:45:04.449719 275137951166688 rank_lower_bound_forced_product.h:151] Progress: 3170893824/4294967296 = 73.83%
I20260811 10:45:11.846983 275137956839328 rank_lower_bound_forced_product.h:151] Progress: 3305111552/4294967296 = 76.95%
I20260811 10:45:25.826950 275137951166688 rank_lower_bound_forced_product.h:151] Progress: 3187671040/4294967296 = 74.22%
I20260811 10:45:32.377004 275137956839328 rank_lower_bound_forced_product.h:151] Progress: 3321888768/4294967296 = 77.34%
I20260811 10:45:47.215150 275137951166688 rank_lower_bound_forced_product.h:151] Progress: 3204448256/4294967296 = 74.61%
I20260811 10:45:52.995403 275137956839328 rank_lower_bound_forced_product.h:151] Progress: 3338665984/4294967296 = 77.73%
I20260811 10:46:08.639900 275137951166688 rank_lower_bound_forced_product.h:151] Progress: 3221225472/4294967296 = 75.00%
I20260811 10:46:13.623557 275137956839328 rank_lower_bound_forced_product.h:151] Progress: 3355443200/4294967296 = 78.12%
I20260811 10:46:30.228647 275137951166688 rank_lower_bound_forced_product.h:151] Progress: 3238002688/4294967296 = 75.39%
I20260811 10:46:34.505331 275137956839328 rank_lower_bound_forced_product.h:151] Progress: 3372220416/4294967296 = 78.52%
I20260811 10:46:51.894243 275137951166688 rank_lower_bound_forced_product.h:151] Progress: 3254779904/4294967296 = 75.78%
I20260811 10:46:55.248395 275137956839328 rank_lower_bound_forced_product.h:151] Progress: 3388997632/4294967296 = 78.91%
I20260811 10:47:13.272725 275137951166688 rank_lower_bound_forced_product.h:151] Progress: 3271557120/4294967296 = 76.17%
I20260811 10:47:15.852242 275137956839328 rank_lower_bound_forced_product.h:151] Progress: 3405774848/4294967296 = 79.30%
I20260811 10:47:34.707141 275137951166688 rank_lower_bound_forced_product.h:151] Progress: 3288334336/4294967296 = 76.56%
I20260811 10:47:36.479788 275137956839328 rank_lower_bound_forced_product.h:151] Progress: 3422552064/4294967296 = 79.69%
I20260811 10:47:56.308408 275137951166688 rank_lower_bound_forced_product.h:151] Progress: 3305111552/4294967296 = 76.95%
I20260811 10:47:57.311123 275137956839328 rank_lower_bound_forced_product.h:151] Progress: 3439329280/4294967296 = 80.08%
I20260811 10:48:17.943717 275137951166688 rank_lower_bound_forced_product.h:151] Progress: 3321888768/4294967296 = 77.34%
I20260811 10:48:18.141116 275137956839328 rank_lower_bound_forced_product.h:151] Progress: 3456106496/4294967296 = 80.47%
I20260811 10:48:39.098814 275137956839328 rank_lower_bound_forced_product.h:151] Progress: 3472883712/4294967296 = 80.86%
I20260811 10:48:39.665745 275137951166688 rank_lower_bound_forced_product.h:151] Progress: 3338665984/4294967296 = 77.73%
I20260811 10:48:59.537022 275137956839328 rank_lower_bound_forced_product.h:151] Progress: 3489660928/4294967296 = 81.25%
I20260811 10:49:00.929869 275137951166688 rank_lower_bound_forced_product.h:151] Progress: 3355443200/4294967296 = 78.12%
I20260811 10:49:20.204062 275137956839328 rank_lower_bound_forced_product.h:151] Progress: 3506438144/4294967296 = 81.64%
I20260811 10:49:22.352490 275137951166688 rank_lower_bound_forced_product.h:151] Progress: 3372220416/4294967296 = 78.52%
I20260811 10:49:40.971726 275137956839328 rank_lower_bound_forced_product.h:151] Progress: 3523215360/4294967296 = 82.03%
I20260811 10:49:44.026850 275137951166688 rank_lower_bound_forced_product.h:151] Progress: 3388997632/4294967296 = 78.91%
I20260811 10:50:01.786957 275137956839328 rank_lower_bound_forced_product.h:151] Progress: 3539992576/4294967296 = 82.42%
I20260811 10:50:05.604685 275137951166688 rank_lower_bound_forced_product.h:151] Progress: 3405774848/4294967296 = 79.30%
I20260811 10:50:22.408363 275137956839328 rank_lower_bound_forced_product.h:151] Progress: 3556769792/4294967296 = 82.81%
I20260811 10:50:27.031481 275137951166688 rank_lower_bound_forced_product.h:151] Progress: 3422552064/4294967296 = 79.69%
I20260811 10:50:43.045946 275137956839328 rank_lower_bound_forced_product.h:151] Progress: 3573547008/4294967296 = 83.20%
I20260811 10:50:48.549482 275137951166688 rank_lower_bound_forced_product.h:151] Progress: 3439329280/4294967296 = 80.08%
I20260811 10:51:03.895931 275137956839328 rank_lower_bound_forced_product.h:151] Progress: 3590324224/4294967296 = 83.59%
I20260811 10:51:10.090824 275137951166688 rank_lower_bound_forced_product.h:151] Progress: 3456106496/4294967296 = 80.47%
I20260811 10:51:24.664492 275137956839328 rank_lower_bound_forced_product.h:151] Progress: 3607101440/4294967296 = 83.98%
I20260811 10:51:31.762157 275137951166688 rank_lower_bound_forced_product.h:151] Progress: 3472883712/4294967296 = 80.86%
I20260811 10:51:45.531612 275137956839328 rank_lower_bound_forced_product.h:151] Progress: 3623878656/4294967296 = 84.38%
I20260811 10:51:53.215240 275137951166688 rank_lower_bound_forced_product.h:151] Progress: 3489660928/4294967296 = 81.25%
I20260811 10:52:06.037769 275137956839328 rank_lower_bound_forced_product.h:151] Progress: 3640655872/4294967296 = 84.77%
I20260811 10:52:14.756118 275137951166688 rank_lower_bound_forced_product.h:151] Progress: 3506438144/4294967296 = 81.64%
I20260811 10:52:26.811497 275137956839328 rank_lower_bound_forced_product.h:151] Progress: 3657433088/4294967296 = 85.16%
I20260811 10:52:36.163052 275137951166688 rank_lower_bound_forced_product.h:151] Progress: 3523215360/4294967296 = 82.03%
I20260811 10:52:47.800672 275137956839328 rank_lower_bound_forced_product.h:151] Progress: 3674210304/4294967296 = 85.55%
I20260811 10:52:58.030227 275137951166688 rank_lower_bound_forced_product.h:151] Progress: 3539992576/4294967296 = 82.42%
I20260811 10:53:08.708654 275137956839328 rank_lower_bound_forced_product.h:151] Progress: 3690987520/4294967296 = 85.94%
I20260811 10:53:19.848716 275137951166688 rank_lower_bound_forced_product.h:151] Progress: 3556769792/4294967296 = 82.81%
I20260811 10:53:29.829346 275137956839328 rank_lower_bound_forced_product.h:151] Progress: 3707764736/4294967296 = 86.33%
I20260811 10:53:41.794308 275137951166688 rank_lower_bound_forced_product.h:151] Progress: 3573547008/4294967296 = 83.20%
I20260811 10:53:51.207235 275137956839328 rank_lower_bound_forced_product.h:151] Progress: 3724541952/4294967296 = 86.72%
I20260811 10:54:03.850486 275137951166688 rank_lower_bound_forced_product.h:151] Progress: 3590324224/4294967296 = 83.59%
I20260811 10:54:12.511751 275137956839328 rank_lower_bound_forced_product.h:151] Progress: 3741319168/4294967296 = 87.11%
I20260811 10:54:25.998897 275137951166688 rank_lower_bound_forced_product.h:151] Progress: 3607101440/4294967296 = 83.98%
I20260811 10:54:34.097283 275137956839328 rank_lower_bound_forced_product.h:151] Progress: 3758096384/4294967296 = 87.50%
I20260811 10:54:48.347611 275137951166688 rank_lower_bound_forced_product.h:151] Progress: 3623878656/4294967296 = 84.38%
I20260811 10:54:54.928607 275137956839328 rank_lower_bound_forced_product.h:151] Progress: 3774873600/4294967296 = 87.89%
I20260811 10:55:10.009031 275137951166688 rank_lower_bound_forced_product.h:151] Progress: 3640655872/4294967296 = 84.77%
I20260811 10:55:15.960411 275137956839328 rank_lower_bound_forced_product.h:151] Progress: 3791650816/4294967296 = 88.28%
I20260811 10:55:31.652751 275137951166688 rank_lower_bound_forced_product.h:151] Progress: 3657433088/4294967296 = 85.16%
I20260811 10:55:36.648454 275137956839328 rank_lower_bound_forced_product.h:151] Progress: 3808428032/4294967296 = 88.67%
I20260811 10:55:53.482030 275137951166688 rank_lower_bound_forced_product.h:151] Progress: 3674210304/4294967296 = 85.55%
I20260811 10:55:57.775468 275137956839328 rank_lower_bound_forced_product.h:151] Progress: 3825205248/4294967296 = 89.06%
I20260811 10:56:15.517152 275137951166688 rank_lower_bound_forced_product.h:151] Progress: 3690987520/4294967296 = 85.94%
I20260811 10:56:18.919038 275137956839328 rank_lower_bound_forced_product.h:151] Progress: 3841982464/4294967296 = 89.45%
I20260811 10:56:37.262261 275137951166688 rank_lower_bound_forced_product.h:151] Progress: 3707764736/4294967296 = 86.33%
I20260811 10:56:39.876090 275137956839328 rank_lower_bound_forced_product.h:151] Progress: 3858759680/4294967296 = 89.84%
I20260811 10:56:59.629757 275137951166688 rank_lower_bound_forced_product.h:151] Progress: 3724541952/4294967296 = 86.72%
I20260811 10:57:01.564944 275137956839328 rank_lower_bound_forced_product.h:151] Progress: 3875536896/4294967296 = 90.23%
I20260811 10:57:22.302274 275137951166688 rank_lower_bound_forced_product.h:151] Progress: 3741319168/4294967296 = 87.11%
I20260811 10:57:23.503818 275137956839328 rank_lower_bound_forced_product.h:151] Progress: 3892314112/4294967296 = 90.62%
I20260811 10:57:44.850596 275137951166688 rank_lower_bound_forced_product.h:151] Progress: 3758096384/4294967296 = 87.50%
I20260811 10:57:45.209194 275137956839328 rank_lower_bound_forced_product.h:151] Progress: 3909091328/4294967296 = 91.02%
I20260811 10:58:06.991494 275137956839328 rank_lower_bound_forced_product.h:151] Progress: 3925868544/4294967296 = 91.41%
I20260811 10:58:07.426613 275137951166688 rank_lower_bound_forced_product.h:151] Progress: 3774873600/4294967296 = 87.89%
I20260811 10:58:28.437376 275137956839328 rank_lower_bound_forced_product.h:151] Progress: 3942645760/4294967296 = 91.80%
I20260811 10:58:29.723171 275137951166688 rank_lower_bound_forced_product.h:151] Progress: 3791650816/4294967296 = 88.28%
I20260811 10:58:50.345418 275137956839328 rank_lower_bound_forced_product.h:151] Progress: 3959422976/4294967296 = 92.19%
I20260811 10:58:52.466646 275137951166688 rank_lower_bound_forced_product.h:151] Progress: 3808428032/4294967296 = 88.67%
I20260811 10:59:13.162479 275137956839328 rank_lower_bound_forced_product.h:151] Progress: 3976200192/4294967296 = 92.58%
I20260811 10:59:16.121559 275137951166688 rank_lower_bound_forced_product.h:151] Progress: 3825205248/4294967296 = 89.06%
I20260811 10:59:35.192467 275137956839328 rank_lower_bound_forced_product.h:151] Progress: 3992977408/4294967296 = 92.97%
I20260811 10:59:38.842944 275137951166688 rank_lower_bound_forced_product.h:151] Progress: 3841982464/4294967296 = 89.45%
I20260811 10:59:56.830593 275137956839328 rank_lower_bound_forced_product.h:151] Progress: 4009754624/4294967296 = 93.36%
I20260811 11:00:01.361284 275137951166688 rank_lower_bound_forced_product.h:151] Progress: 3858759680/4294967296 = 89.84%
I20260811 11:00:19.546526 275137956839328 rank_lower_bound_forced_product.h:151] Progress: 4026531840/4294967296 = 93.75%
I20260811 11:00:26.671383 275137951166688 rank_lower_bound_forced_product.h:151] Progress: 3875536896/4294967296 = 90.23%
I20260811 11:00:44.480168 275137956839328 rank_lower_bound_forced_product.h:151] Progress: 4043309056/4294967296 = 94.14%
I20260811 11:00:51.163681 275137951166688 rank_lower_bound_forced_product.h:151] Progress: 3892314112/4294967296 = 90.62%
I20260811 11:01:07.538234 275137956839328 rank_lower_bound_forced_product.h:151] Progress: 4060086272/4294967296 = 94.53%
I20260811 11:01:16.153562 275137951166688 rank_lower_bound_forced_product.h:151] Progress: 3909091328/4294967296 = 91.02%
I20260811 11:01:30.913898 275137956839328 rank_lower_bound_forced_product.h:151] Progress: 4076863488/4294967296 = 94.92%
I20260811 11:01:40.132468 275137951166688 rank_lower_bound_forced_product.h:151] Progress: 3925868544/4294967296 = 91.41%
I20260811 11:01:54.777494 275137956839328 rank_lower_bound_forced_product.h:151] Progress: 4093640704/4294967296 = 95.31%
I20260811 11:02:04.486043 275137951166688 rank_lower_bound_forced_product.h:151] Progress: 3942645760/4294967296 = 91.80%
I20260811 11:02:21.760186 275137956839328 rank_lower_bound_forced_product.h:151] Progress: 4110417920/4294967296 = 95.70%
I20260811 11:02:35.847448 275137951166688 rank_lower_bound_forced_product.h:151] Progress: 3959422976/4294967296 = 92.19%
I20260811 11:02:52.874871 275137956839328 rank_lower_bound_forced_product.h:151] Progress: 4127195136/4294967296 = 96.09%
I20260811 11:03:05.420534 275137951166688 rank_lower_bound_forced_product.h:151] Progress: 3976200192/4294967296 = 92.58%
I20260811 11:03:17.561108 275137956839328 rank_lower_bound_forced_product.h:151] Progress: 4143972352/4294967296 = 96.48%
I20260811 11:03:30.495098 275137951166688 rank_lower_bound_forced_product.h:151] Progress: 3992977408/4294967296 = 92.97%
I20260811 11:03:45.039010 275137956839328 rank_lower_bound_forced_product.h:151] Progress: 4160749568/4294967296 = 96.88%
I20260811 11:04:00.678954 275137951166688 rank_lower_bound_forced_product.h:151] Progress: 4009754624/4294967296 = 93.36%
I20260811 11:04:11.717714 275137956839328 rank_lower_bound_forced_product.h:151] Progress: 4177526784/4294967296 = 97.27%
I20260811 11:04:25.612403 275137951166688 rank_lower_bound_forced_product.h:151] Progress: 4026531840/4294967296 = 93.75%
I20260811 11:04:35.536082 275137956839328 rank_lower_bound_forced_product.h:151] Progress: 4194304000/4294967296 = 97.66%
I20260811 11:04:49.753619 275137951166688 rank_lower_bound_forced_product.h:151] Progress: 4043309056/4294967296 = 94.14%
I20260811 11:04:58.723078 275137956839328 rank_lower_bound_forced_product.h:151] Progress: 4211081216/4294967296 = 98.05%
I20260811 11:05:13.782808 275137951166688 rank_lower_bound_forced_product.h:151] Progress: 4060086272/4294967296 = 94.53%
I20260811 11:05:22.608378 275137956839328 rank_lower_bound_forced_product.h:151] Progress: 4227858432/4294967296 = 98.44%
I20260811 11:05:40.715952 275137951166688 rank_lower_bound_forced_product.h:151] Progress: 4076863488/4294967296 = 94.92%
I20260811 11:05:47.919671 275137956839328 rank_lower_bound_forced_product.h:151] Progress: 4244635648/4294967296 = 98.83%
I20260811 11:06:03.300067 275137951166688 rank_lower_bound_forced_product.h:151] Progress: 4093640704/4294967296 = 95.31%
I20260811 11:06:08.855786 275137956839328 rank_lower_bound_forced_product.h:151] Progress: 4261412864/4294967296 = 99.22%
I20260811 11:06:26.699840 275137951166688 rank_lower_bound_forced_product.h:151] Progress: 4110417920/4294967296 = 95.70%
I20260811 11:06:31.609443 275137956839328 rank_lower_bound_forced_product.h:151] Progress: 4278190080/4294967296 = 99.61%
I20260811 11:06:50.120626 275137951166688 rank_lower_bound_forced_product.h:151] Progress: 4127195136/4294967296 = 96.09%
I20260811 11:06:54.109528 275137956839328 rank_lower_bound_forced_product.h:217] RankLowerBoundForcedProductA. rank=16 dur=5377.01
I20260811 11:07:04.246317 275137956839328 rank_lower_bound_forced_product.h:151] Progress: 4143972352/4294967296 = 96.48%
I20260811 11:07:16.450410 275137951166688 rank_lower_bound_forced_product.h:151] Progress: 4160749568/4294967296 = 96.88%
I20260811 11:07:28.603592 275137956839328 rank_lower_bound_forced_product.h:151] Progress: 4177526784/4294967296 = 97.27%
I20260811 11:07:40.242357 275137951166688 rank_lower_bound_forced_product.h:151] Progress: 4194304000/4294967296 = 97.66%
I20260811 11:07:51.738920 275137951166688 rank_lower_bound_forced_product.h:151] Progress: 4211081216/4294967296 = 98.05%
I20260811 11:08:03.404612 275137951166688 rank_lower_bound_forced_product.h:151] Progress: 4227858432/4294967296 = 98.44%
I20260811 11:08:14.894877 275137951166688 rank_lower_bound_forced_product.h:151] Progress: 4244635648/4294967296 = 98.83%
I20260811 11:08:26.609639 275137956839328 rank_lower_bound_forced_product.h:151] Progress: 4261412864/4294967296 = 99.22%
I20260811 11:08:39.007711 275137951166688 rank_lower_bound_forced_product.h:151] Progress: 4278190080/4294967296 = 99.61%
I20260811 11:08:53.296706 275137951166688 rank_lower_bound_forced_product.h:217] RankLowerBoundForcedProductA. rank=16 dur=5496.25
I20260811 11:08:53.296780 275137956839328 verifier.h:237] Verifying dim=2, count=7
I20260811 11:08:53.300489 275137956839328 verifier.h:237] Verifying dim=1, count=2
I20260811 11:08:53.304490 275137956839328 verifier.h:237] Verifying dim=0, count=1
I20260811 11:08:53.304561 275137956839328 verifier.h:263] Verified. Rank lower bound for matrix_q02_n324 is 19.
I20260811 11:08:53.304568 275137956839328 verifier_main.cc:42] UNCONSTRAINED TENSOR RANK LOWER BOUND: 19
I20260811 11:08:53.304570 275137956839328 verifier_main.cc:43] OK. Verified certs/matrix/cert_matrix_q02_n324.pb.txt
